Date,BARC.L,HSBA.L,LLOY.L,NWG.L,STAN.L
2019-01-02,150.3397674560547,644.0732421875,50.84356689453125,232.17254638671875,605.10107421875
2019-01-03,149.9207000732422,638.8935546875,51.04295349121094,228.42091369628906,585.443359375
2019-01-04,154.7498016357422,653.9346313476562,52.63804244995117,237.1032257080078,606.498046875
2019-01-07,155.0690460205078,639.5908813476562,53.18635177612305,240.1045379638672,593.3263549804688
2019-01-08,156.96478271484375,646.5634765625,53.5352783203125,242.03396606445312,611.68701171875
2019-01-09,156.46592712402344,643.5752563476562,53.64495086669922,236.7816925048828,613.7824096679688
2019-01-10,158.980224609375,648.8546142578125,54.611976623535156,240.2117156982422,619.6696166992188
2019-01-11,156.86502075195312,645.0694580078125,54.54218292236328,241.92678833007812,615.57861328125
2019-01-14,158.7606964111328,636.9014892578125,55.36963653564453,249.2156982421875,611.68701171875
2019-01-15,158.74073791503906,639.2920532226562,55.36963653564453,246.4287872314453,612.5850219726562
2019-01-16,161.03555297851562,644.671142578125,55.95783615112305,250.6092071533203,610.4894409179688
2019-01-17,160.01788330078125,636.4033203125,55.95783615112305,254.0391845703125,601.7083740234375
2019-01-18,165.4854736328125,649.2530517578125,57.82209396362305,263.150390625,622.364013671875
2019-01-21,164.5875244140625,647.4600219726562,57.82209396362305,259.1842041015625,624.1602172851562
2019-01-22,162.891357421875,638.794189453125,57.253841400146484,256.8260803222656,621.8651123046875
2019-01-23,162.49229431152344,636.5028686523438,57.124237060546875,256.29022216796875,620.6676635742188
2019-01-24,162.29269409179688,630.6261596679688,57.503074645996094,258.3267517089844,618.572265625
2019-01-25,163.72946166992188,635.5070190429688,58.39034652709961,260.7920837402344,624.0603637695312
2019-01-28,159.7185516357422,628.6338500976562,56.825157165527344,255.64703369140625,621.8651123046875
2019-01-29,160.93580627441406,639.5908813476562,56.66565704345703,255.21824645996094,623.3618774414062
2019-01-30,161.4745635986328,649.3526611328125,58.15108108520508,260.6848449707031,630.7459716796875
2019-01-31,157.8227996826172,636.4033203125,57.722408294677734,258.21954345703125,612.5850219726562
2019-02-01,158.26181030273438,636.5028686523438,58.00154113769531,261.4352722167969,620.4680786132812
2019-02-04,158.04234313964844,637.5987548828125,57.6326789855957,261.0065002441406,619.9690551757812
2019-02-05,160.15756225585938,650.9464111328125,57.86196517944336,264.7580871582031,633.440185546875
2019-02-06,161.21517944335938,648.0578002929688,58.081295013427734,267.7593994140625,637.9306030273438
2019-02-07,156.06678771972656,638.9933471679688,57.02455520629883,257.25482177734375,624.0603637695312
2019-02-08,155.58787536621094,639.3916015625,56.70552444458008,256.29022216796875,616.67626953125
2019-02-11,156.48585510253906,647.9581298828125,57.54295349121094,254.89674377441406,625.956298828125
2019-02-12,157.70309448242188,651.0460205078125,57.78221893310547,257.5765075683594,626.9541625976562
2019-02-13,157.66319274902344,656.3252563476562,57.68252182006836,259.9346618652344,630.0474853515625
2019-02-14,156.6055908203125,658.317626953125,57.223941802978516,258.9699401855469,628.55078125
2019-02-15,159.13983154296875,663.2979736328125,58.260738372802734,265.29412841796875,636.53369140625
2019-02-18,157.76296997070312,661.1066284179688,58.14110565185547,270.11761474609375,627.1536865234375
2019-02-19,158.6409912109375,634.6105346679688,58.19095993041992,274.1908264160156,613.88232421875
2019-02-20,160.51675415039062,640.885986328125,60.94248962402344,276.5489807128906,615.4788208007812
2019-02-21,160.41697692871094,620.8186645507812,60.14495086669922,273.54766845703125,611.5872192382812
2019-02-22,155.7874298095703,621.217529296875,59.81595993041992,274.5123291015625,607.7952880859375
2019-02-25,158.8604736328125,619.32421875,60.34433364868164,277.83526611328125,617.5743408203125
2019-02-26,164.52764892578125,612.1505737304688,61.71013259887695,278.6927490234375,613.6826171875
2019-02-27,166.5231475830078,614.3425903320312,62.68712615966797,282.2300720214844,600.91015625
2019-02-28,163.82858276367188,610.65625,63.34510040283203,284.8026123046875,600.3114013671875
2019-03-01,162.17193603515625,611.851806640625,62.6572151184082,282.2300720214844,609.9905395507812
2019-03-04,163.409423828125,615.7374267578125,62.876548767089844,285.4457702636719,622.7630615234375
2019-03-05,164.22779846191406,621.1177978515625,62.72699737548828,278.58563232421875,631.7437744140625
2019-03-06,164.9862518310547,620.9183349609375,62.71703338623047,280.30059814453125,629.6484985351562
2019-03-07,161.95237731933594,621.9147338867188,61.959373474121094,279.2287292480469,617.1221313476562
2019-03-08,158.45944213867188,621.715576171875,61.68021774291992,275.47711181640625,609.337158203125
2019-03-11,160.67495727539062,622.2136840820312,61.6004638671875,275.5843505859375,610.2355346679688
2019-03-12,162.53125,624.2063598632812,62.14878463745117,277.4064636230469,611.8324584960938
2019-03-13,163.56912231445312,617.8297729492188,62.378074645996094,279.9791564941406,611.5328979492188
2019-03-14,164.64691162109375,618.1287231445312,63.604305267333984,285.01702880859375,607.3410034179688
2019-03-15,165.6050262451172,619.32421875,64.64111328125,288.1255187988281,608.8380737304688
2019-03-18,165.88441467285156,624.3060913085938,65.16948699951172,288.3399353027344,616.6232299804688
2019-03-19,168.25962829589844,621.3168334960938,65.22932434082031,289.8404541015625,609.5367431640625
2019-03-20,164.10801696777344,621.615966796875,64.85047912597656,284.0522766113281,607.6402587890625
2019-03-21,160.25579833984375,627.6934814453125,63.02607727050781,266.9055480957031,605.2449340820312
2019-03-22,155.12619018554688,610.755859375,62.11886978149414,266.15496826171875,577.4978637695312
2019-03-25,155.22598266601562,611.9514770507812,61.8397216796875,265.833251953125,579.5938720703125
2019-03-26,152.9905242919922,610.157958984375,61.271484375,265.2970275878906,574.6033325195312
2019-03-27,155.22598266601562,610.8555297851562,62.208595275878906,269.58636474609375,578.5958251953125
2019-03-28,152.7709503173828,615.5382080078125,61.750003814697266,265.4042663574219,582.4883422851562
2019-03-29,154.36773681640625,621.0181884765625,61.94939041137695,264.8680114746094,590.1737670898438
2019-04-01,158.00038146972656,633.4724731445312,62.70705795288086,265.6187744140625,610.4349975585938
2019-04-02,159.677001953125,643.5353393554688,63.20553207397461,266.2621154785156,631.39501953125
2019-04-03,163.6688995361328,646.5244750976562,64.68099212646484,272.2672119140625,642.3740844726562
2019-04-04,164.3275909423828,646.2252197265625,62.448524475097656,272.481689453125,638.7808227539062
2019-04-05,162.43141174316406,650.7088623046875,62.039642333984375,269.9080810546875,644.370361328125
2019-04-08,161.792724609375,649.812255859375,62.448524475097656,270.7658996582031,644.370361328125
2019-04-09,161.11410522460938,652.9010009765625,62.74769973754883,272.6961975097656,646.1668701171875
2019-04-10,160.814697265625,650.310546875,62.62802505493164,271.5166931152344,646.5659790039062
2019-04-11,163.34959411621094,649.0153198242188,63.96435546875,276.556640625,648.1631469726562
2019-04-12,165.62496948242188,656.288330078125,64.62255096435547,279.4519348144531,670.9196166992188
2019-04-15,167.3414764404297,653.498779296875,64.99154663085938,281.48944091796875,669.7219848632812
2019-04-16,167.06207275390625,660.3734130859375,65.65970611572266,281.48944091796875,671.3187866210938
2019-04-17,168.5789794921875,662.8643798828125,66.38770294189453,282.3472900390625,671.5184936523438
2019-04-18,169.05801391601562,664.0601196289062,65.71955108642578,281.38214111328125,670.719970703125
2019-04-23,166.2436981201172,665.15576171875,65.39043426513672,278.59405517578125,670.3206787109375
2019-04-24,166.0441131591797,660.27392578125,64.5826644897461,275.2698059082031,658.9425048828125
2019-04-25,160.076171875,659.476806640625,63.43581008911133,268.0850830078125,650.5584716796875
2019-04-26,160.7148895263672,662.9640502929688,62.827476501464844,257.3616943359375,661.13818359375
2019-04-29,164.3675079345703,667.0491333007812,63.42583084106445,258.43402099609375,668.1250610351562
2019-04-30,163.94834899902344,664.6577758789062,62.398658752441406,256.9327392578125,698.6666259765625
2019-05-01,163.20985412597656,662.4658203125,63.42583084106445,256.5037841796875,709.845458984375
2019-05-02,164.20779418945312,665.2554321289062,62.62802505493164,253.2868194580078,706.2520751953125
2019-05-03,163.34959411621094,678.1082763671875,62.46846389770508,254.89537048339844,709.0468139648438
2019-05-07,159.09817504882812,659.7756958007812,61.64073944091797,252.00003051757812,691.2808227539062
2019-05-08,159.23789978027344,656.5874633789062,61.65070343017578,252.21449279785156,686.6895141601562
2019-05-09,156.54335021972656,649.513427734375,60.72325897216797,248.99745178222656,678.3055419921875
2019-05-10,157.20199584960938,649.613037109375,60.8828239440918,249.74806213378906,678.5051879882812
2019-05-13,154.78689575195312,647.6203002929688,59.62627410888672,242.67056274414062,666.92724609375
2019-05-14,157.3217315673828,651.2072143554688,60.47394561767578,246.5311279296875,677.70654296875
2019-05-15,159.677001953125,660.8717041015625,60.81300735473633,246.8527069091797,676.3092651367188
2019-05-16,160.35562133789062,658.6578979492188,61.341556549072266,248.67575073242188,691.4803466796875
2019-05-17,158.41952514648438,652.380126953125,60.17475891113281,244.06463623046875,675.91015625
2019-05-20,156.0443115234375,647.7965698242188,59.337074279785156,238.27406311035156,675.7105102539062
2019-05-21,156.68304443359375,650.18798828125,60.354270935058594,241.8127899169922,685.292236328125
2019-05-22,152.51148986816406,655.170166015625,58.98801803588867,233.01956176757812,686.6895141601562
2019-05-23,149.1981658935547,656.9637451171875,57.69157791137695,233.23402404785156,673.9139404296875
2019-05-24,148.95867919921875,657.0635986328125,58.35974884033203,232.37615966796875,683.2960205078125
2019-05-28,150.35581970214844,656.1668090820312,57.47218322753906,232.26895141601562,689.8834228515625
2019-05-29,150.4556427001953,653.1774291992188,57.332576751708984,230.66043090820312,677.90625
2019-05-30,150.59536743164062,651.2841796875,57.4821662902832,232.9122772216797,692.2789916992188
2019-05-31,149.0385284423828,642.814208984375,57.10319900512695,229.1591339111328,685.6913452148438
2019-06-03,149.17825317382812,644.6077880859375,56.89377212524414,227.55059814453125,673.3150024414062
2019-06-04,153.78890991210938,645.4049682617188,57.73147201538086,234.19912719726562,681.4993896484375
2019-06-05,152.19210815429688,644.0099487304688,57.65169906616211,229.90985107421875,684.094482421875
2019-06-06,150.93467712402344,641.8176879882812,57.073280334472656,228.83743286132812,681.2999267578125
2019-06-07,150.75503540039062,648.5936279296875,57.452239990234375,230.01695251464844,690.6819458007812
2019-06-10,152.7709503173828,656.0670776367188,58.230106353759766,231.7327423095703,705.8530883789062
2019-06-11,151.9126739501953,653.5760498046875,57.89104080200195,231.83998107910156,700.263671875
2019-06-12,150.1762237548828,646.600830078125,57.821224212646484,229.37364196777344,682.4974975585938
2019-06-13,149.2181396484375,645.6043701171875,57.89104080200195,230.2314453125,682.2979736328125
2019-06-14,148.69921875,643.3123779296875,57.541996002197266,227.76510620117188,675.111572265625
2019-06-17,150.43568420410156,648.7930297851562,57.781341552734375,229.69534301757812,687.8872680664062
2019-06-18,151.29397583007812,655.2699584960938,57.91098403930664,230.5531768798828,708.2483520507812
2019-06-19,152.91067504882812,654.970947265625,59.03788375854492,238.595703125,709.845458984375
2019-06-20,150.1762237548828,651.6825561523438,58.230106353759766,233.4485321044922,706.8511962890625
2019-06-21,148.3997802734375,647.2982788085938,57.94089889526367,231.30384826660156,701.4613037109375
2019-06-24,148.16030883789062,643.5118408203125,56.843910217285156,230.76766967773438,693.2769165039062
2019-06-25,146.6034393310547,645.5047607421875,56.544734954833984,231.7327423095703,701.0621337890625
2019-06-26,148.9985809326172,647.3978271484375,56.754154205322266,233.87750244140625,706.0526733398438
2019-06-27,149.69717407226562,652.47998046875,56.704288482666016,234.09194946289062,709.446044921875
2019-06-28,149.49758911132812,654.5725708007812,56.435035705566406,235.7003631591797,712.8395385742188
2019-07-01,152.2120819091797,659.4549560546875,57.073280334472656,238.05958557128906,712.0411376953125
2019-07-02,153.4695281982422,666.5298461914062,57.4821662902832,238.595703125,720.6248168945312
2019-07-03,154.6671142578125,669.1206665039062,58.1004638671875,239.77528381347656,732.6019287109375
2019-07-04,155.64515686035156,669.2202758789062,58.1004638671875,240.7404327392578,733.9992065429688
2019-07-05,156.90261840820312,670.1171264648438,57.67164611816406,242.45623779296875,733.4004516601562
2019-07-08,156.60321044921875,666.1312255859375,57.55196762084961,242.13449096679688,731.8035278320312
2019-07-09,156.12417602539062,668.323486328125,57.63174819946289,244.70806884765625,735.3965454101562
2019-07-10,156.16409301757812,664.3378295898438,57.81125259399414,244.49363708496094,732.40234375
2019-07-11,157.6211395263672,662.1454467773438,57.601829528808594,246.3166046142578,719.2273559570312
2019-07-12,156.88262939453125,661.0493774414062,57.52204895019531,246.63833618164062,713.837646484375
2019-07-15,156.46348571777344,664.8358764648438,57.69157791137695,245.8876495361328,715.6342163085938
2019-07-16,157.7608642578125,668.1241455078125,57.821224212646484,246.5311279296875,719.8263549804688
2019-07-17,155.46546936035156,661.9461059570312,57.53201675415039,245.56593322753906,709.2463989257812
2019-07-18,156.00442504882812,659.0565185546875,57.23284149169922,247.38894653320312,712.8395385742188
2019-07-19,155.3058319091797,660.3518676757812,56.63448715209961,244.60086059570312,711.841552734375
2019-07-22,156.2838592529297,660.2521362304688,56.564674377441406,245.0298309326172,702.2598266601562
2019-07-23,159.7768096923828,668.52294921875,56.843910217285156,245.13706970214844,713.2388305664062
2019-07-24,159.59715270996094,654.0741577148438,56.813995361328125,244.70806884765625,681.1002807617188
2019-07-25,159.2178955078125,652.7786865234375,56.61454391479492,244.60086059570312,685.8910522460938
2019-07-26,159.7568359375,660.0531005859375,55.836673736572266,244.38633728027344,688.8854370117188
2019-07-29,160.49533081054688,664.038818359375,56.02616500854492,246.1021270751953,688.8854370117188
2019-07-30,157.401611328125,662.4445190429688,54.92917251586914,236.2366180419922,682.098388671875
2019-07-31,153.76895141601562,654.3732299804688,53.1839599609375,232.69789123535156,675.5107421875
2019-08-01,155.56532287597656,663.6402587890625,52.695308685302734,232.80503845214844,697.8681030273438
2019-08-02,152.85079956054688,643.8106689453125,51.119625091552734,217.57778930664062,671.3187866210938
2019-08-05,147.00265502929688,624.5790405273438,50.04258728027344,211.73358154296875,637.1842041015625
2019-08-06,146.94276428222656,625.6751098632812,50.10242462158203,215.32594299316406,629.5984497070312
2019-08-07,147.2421417236328,625.1771240234375,50.10242462158203,219.1863555908203,625.8056640625
2019-08-08,145.655029296875,632.052490234375,49.62981414794922,222.5106658935547,634.260498046875
2019-08-09,143.49896240234375,619.796142578125,49.37545394897461,219.40086364746094,625.2766723632812
2019-08-12,141.2230987548828,608.8349609375,48.617366790771484,215.54043579101562,613.0986328125
2019-08-13,140.84378051757812,612.1234741210938,48.8467903137207,217.4705810546875,621.2838134765625
2019-08-14,138.5080108642578,600.0662231445312,48.557525634765625,212.8059539794922,606.5103759765625
2019-08-15,136.9508514404297,589.283447265625,48.457767486572266,190.63572692871094,601.3197021484375
2019-08-16,139.5661163330078,595.163330078125,49.525089263916016,195.4646759033203,611.3017578125
2019-08-19,140.34469604492188,601.64111328125,49.809364318847656,198.1474609375,617.2910766601562
2019-08-20,138.22854614257812,594.8643798828125,49.59490203857422,197.9865264892578,615.8935546875
2019-08-21,138.92724609375,596.2594604492188,49.40039825439453,195.1964569091797,621.8827514648438
2019-08-22,139.06704711914062,591.67529296875,49.5799446105957,196.913330078125,619.0877685546875
2019-08-23,137.78933715820312,584.4002075195312,49.86423110961914,196.32313537597656,613.2982788085938
2019-08-27,136.4318084716797,578.9190673828125,49.634803771972656,197.61087036132812,605.7117919921875
2019-08-28,135.91275024414062,579.81591796875,49.39041519165039,195.9475555419922,609.5049438476562
2019-08-29,137.2902069091797,589.4827270507812,49.679691314697266,196.85972595214844,619.88623046875
2019-08-30,136.35194396972656,589.383056640625,49.704627990722656,199.0059051513672,620.884521484375
2019-09-02,137.2902069091797,592.8711547851562,50.19339370727539,199.8644256591797,626.6741943359375
2019-09-03,137.07066345214844,591.67529296875,49.46522903442383,197.3961944580078,623.6795043945312
2019-09-04,137.11058044433594,602.0397338867188,49.47022247314453,197.50350952148438,642.2462768554688
2019-09-05,139.5661163330078,596.7579956054688,49.90411376953125,204.37135314941406,644.641845703125
2019-09-06,139.84559631347656,598.9503784179688,49.91409683227539,201.84963989257812,647.8360595703125
2019-09-09,140.52435302734375,604.9298706054688,50.053749084472656,206.89315795898438,658.017822265625
2019-09-10,147.41180419921875,611.5075073242188,52.18836212158203,212.20504760742188,681.7750854492188
2019-09-11,148.4299774169922,623.3666381835938,52.467647552490234,214.4049072265625,681.1763305664062
2019-09-12,148.4299774169922,624.064453125,51.80931854248047,212.36595153808594,680.5773315429688
2019-09-13,149.8404083251953,625.2882080078125,54.12348175048828,224.062744140625,700.1671752929688
2019-09-16,153.2012939453125,616.4903564453125,53.98383331298828,222.45310974121094,689.5612182617188
2019-09-17,148.92906188964844,609.9129028320312,53.0262451171875,219.12644958496094,688.7625732421875
2019-09-18,147.73126220703125,607.5209350585938,52.85668182373047,219.44839477539062,678.9801025390625
2019-09-19,150.20675659179688,613.8992309570312,53.923988342285156,223.20420837402344,689.361572265625
2019-09-20,151.2648162841797,613.5005493164062,55.370330810546875,229.1062774658203,686.9658813476562
2019-09-23,148.98895263671875,610.8097534179688,54.16337966918945,224.1700897216797,683.771484375
2019-09-24,146.7729949951172,609.2152709960938,53.365394592285156,219.9849853515625,673.7896118164062
2019-09-25,147.85101318359375,613.6998291015625,53.23572540283203,218.37530517578125,673.7896118164062
2019-09-26,148.86917114257812,617.0883178710938,53.45516586303711,219.87767028808594,679.179931640625
2019-09-27,150.6459503173828,622.1710205078125,54.80176544189453,224.27737426757812,681.7750854492188
2019-09-30,150.1268768310547,622.4698486328125,53.98383331298828,222.77505493164062,682.9730834960938
2019-10-01,149.36827087402344,617.785888671875,53.24569320678711,216.2290496826172,665.604248046875
2019-10-02,144.0579376220703,600.9437255859375,51.47016525268555,208.9857177734375,651.6293334960938
2019-10-03,141.8020477294922,601.0431518554688,51.49011993408203,207.6443634033203,640.0501098632812
2019-10-04,142.68045043945312,599.847412109375,51.89908218383789,209.36126708984375,637.4547729492188
2019-10-07,144.07791137695312,602.2390747070312,51.569923400878906,209.30767822265625,636.2568969726562
2019-10-08,143.67861938476562,597.1565551757812,50.85172653198242,203.1373748779297,630.8666381835938
2019-10-09,144.7366943359375,602.5379638671875,50.57243728637695,203.9958038330078,634.0609130859375
2019-10-10,148.92906188964844,596.03759765625,52.5374755859375,210.16612243652344,646.0393676757812
2019-10-11,160.18858337402344,605.40673828125,58.98123550415039,234.25723266601562,654.2247314453125
2019-10-14,157.3137969970703,605.3069458007812,57.64459228515625,230.9305877685547,653.625732421875
2019-10-15,163.74212646484375,603.9115600585938,60.66697692871094,242.6273956298828,661.4117431640625
2019-10-16,163.96170043945312,601.6190185546875,60.876441955566406,246.49050903320312,657.2192993164062
2019-10-17,163.7021942138672,604.4100341796875,60.806617736816406,249.17323303222656,658.217529296875
2019-10-18,164.70037841796875,599.625732421875,60.0385627746582,255.7191162109375,650.2317504882812
2019-10-21,165.31922912597656,602.715576171875,61.28541564941406,260.3334655761719,663.8074951171875
2019-10-22,164.99981689453125,608.396728515625,60.25800704956055,258.2945556640625,682.3739013671875
2019-10-23,165.47894287109375,608.6959838867188,60.128334045410156,250.7829132080078,687.5648193359375
2019-10-24,166.09783935546875,615.3739013671875,59.69940948486328,242.41275024414062,700.7410888671875
2019-10-25,170.05064392089844,615.3739013671875,59.849037170410156,242.3054656982422,690.759033203125
2019-10-28,170.1903839111328,592.4492797851562,58.78173065185547,239.94456481933594,690.9586181640625
2019-10-29,171.4081573486328,586.0703125,58.1134147644043,235.22296142578125,693.7536010742188
2019-10-30,168.11416625976562,586.0703125,57.455074310302734,229.32090759277344,711.521728515625
2019-10-31,167.49530029296875,581.0865478515625,56.657081604003906,228.24781799316406,699.742919921875
2019-11-01,166.8764190673828,586.8676147460938,57.165809631347656,230.3939971923828,704.7338256835938
2019-11-04,167.83468627929688,594.044189453125,57.64459228515625,232.54022216796875,716.9119873046875
2019-11-05,168.8528289794922,595.937744140625,57.94384765625,232.32557678222656,735.2789916992188
2019-11-06,168.01437377929688,596.1371459960938,57.265560150146484,231.89633178710938,733.681884765625
2019-11-07,169.73123168945312,598.8283081054688,57.05607604980469,231.46717834472656,732.2843627929688
2019-11-08,166.1377716064453,593.6454467773438,56.138397216796875,228.56980895996094,724.6980590820312
2019-11-11,171.3283233642578,584.6748046875,58.39271545410156,237.79840087890625,711.3220825195312
2019-11-12,172.4462890625,586.76806640625,59.440067291259766,238.54953002929688,711.7213134765625
2019-11-13,170.56973266601562,572.3155517578125,59.440067291259766,238.54953002929688,707.5289916992188
2019-11-14,169.79112243652344,568.4283447265625,58.54233169555664,237.4764404296875,702.338134765625
2019-11-15,170.42994689941406,571.8170776367188,59.0211181640625,241.12503051757812,701.9388427734375
2019-11-18,170.01071166992188,573.1129760742188,59.58969497680664,241.33956909179688,696.3489990234375
2019-11-19,170.11053466796875,578.7942504882812,59.33034133911133,238.9788055419922,695.3507690429688
2019-11-20,168.8927459716797,574.508544921875,58.961280822753906,238.87149047851562,684.769775390625
2019-11-21,167.87461853027344,567.8303833007812,58.55231475830078,236.93997192382812,677.98193359375
2019-11-22,168.95266723632812,577.897216796875,59.63956832885742,241.33956909179688,688.9622802734375
2019-11-25,171.68765258789062,580.8873901367188,60.71683883666992,246.27586364746094,700.1422119140625
2019-11-26,171.42813110351562,580.8873901367188,61.06596755981445,247.67092895507812,703.7357177734375
2019-11-27,174.103271484375,583.1796875,61.54476547241211,248.10018920898438,702.537841796875
2019-11-28,173.90365600585938,578.8939819335938,62.53226852416992,249.06591796875,694.7518310546875
2019-11-29,171.22850036621094,574.4088134765625,60.996150970458984,242.73458862304688,696.1493530273438
2019-12-02,168.872802734375,567.3321533203125,59.789188385009766,238.2276611328125,692.955078125
2019-12-03,166.0379638671875,554.3746948242188,59.0211181640625,233.9352569580078,675.9855346679688
2019-12-04,166.85646057128906,556.9661254882812,60.417606353759766,238.76414489746094,677.7822875976562
2019-12-05,166.85646057128906,550.4874877929688,60.357757568359375,241.55421447753906,670.3955078125
2019-12-06,169.09239196777344,560.0560302734375,61.31534194946289,244.66622924804688,674.5880737304688
2019-12-09,171.3682403564453,558.5609130859375,61.97367858886719,246.81246948242188,677.1834716796875
2019-12-10,169.8310546875,557.0659790039062,61.32530975341797,246.06121826171875,681.5755615234375
2019-12-11,168.3737030029297,559.8566284179688,60.2480354309082,244.55889892578125,689.96044921875
2019-12-12,171.54791259765625,574.6080932617188,60.966217041015625,249.28057861328125,716.7123413085938
2019-12-13,182.14865112304688,572.7142944335938,64.16812896728516,270.20599365234375,703.5360107421875
2019-12-16,192.11053466796875,583.5786743164062,67.08079528808594,280.07843017578125,719.9066162109375
2019-12-17,187.01979064941406,591.6517944335938,63.14073181152344,271.815673828125,728.092041015625
2019-12-18,184.78384399414062,597.1338500976562,63.20058822631836,266.8792724609375,731.6854858398438
2019-12-19,183.0469970703125,598.0308837890625,63.75917053222656,265.4842834472656,737.275390625
2019-12-20,178.0959930419922,598.2303466796875,62.173179626464844,260.8699035644531,721.903076171875
2019-12-23,179.13414001464844,597.0341796875,62.04351043701172,259.36773681640625,724.298828125
2019-12-24,179.6731719970703,597.4329833984375,63.260433197021484,260.4407958984375,725.6962280273438
2019-12-27,181.17044067382812,595.838134765625,63.021034240722656,260.3334655761719,721.5038452148438
2019-12-30,179.91270446777344,594.3430786132812,62.96118927001953,259.5822448730469,716.5127563476562
2019-12-31,179.31382751464844,589.9573974609375,62.34275436401367,257.86541748046875,711.1224975585938
2020-01-02,184.8637237548828,593.1470336914062,63.549705505371094,262.1577453613281,718.708740234375
2020-01-03,182.96713256835938,592.4492797851562,62.8913688659668,255.7191162109375,719.5073852539062
2020-01-06,180.65135192871094,583.2796020507812,63.090858459472656,257.54339599609375,705.7321166992188
2020-01-07,182.80743408203125,581.4854736328125,62.95120620727539,258.18719482421875,700.341796875
2020-01-08,181.7094268798828,579.392333984375,62.63201904296875,257.86541748046875,697.5468139648438
2020-01-09,182.52792358398438,586.1699829101562,61.69437789916992,256.1483459472656,706.5307006835938
2020-01-10,180.67132568359375,582.6814575195312,60.17820739746094,252.4998016357422,709.3256225585938
2020-01-13,181.35008239746094,588.861083984375,58.59221267700195,248.95860290527344,712.7196044921875
2020-01-14,180.67132568359375,588.4625244140625,58.6021842956543,247.56361389160156,715.3148193359375
2020-01-15,178.17588806152344,587.8644409179688,57.664546966552734,241.33956909179688,701.9388427734375
2020-01-16,176.4789581298828,588.9608154296875,57.75432205200195,238.2276611328125,700.341796875
2020-01-17,174.9217987060547,592.050537109375,58.30293655395508,241.12503051757812,700.7410888671875
2020-01-20,174.68222045898438,590.4559936523438,57.75432205200195,238.9788055419922,698.1458129882812
2020-01-21,174.08331298828125,583.6781005859375,58.35280990600586,241.12503051757812,689.7608032226562
2020-01-22,174.44265747070312,579.292724609375,57.94384765625,238.9788055419922,687.7643432617188
2020-01-23,171.18856811523438,571.1195678710938,57.255584716796875,235.1156463623047,679.179931640625
2020-01-24,173.1250762939453,577.4985961914062,57.94384765625,239.73001098632812,687.5648193359375
2020-01-27,170.3700714111328,557.2651977539062,56.966312408447266,234.0426025390625,656.4205932617188
2020-01-28,171.70765686035156,565.8370361328125,57.494972229003906,233.82797241210938,660.8128051757812
2020-01-29,171.70765686035156,564.4415893554688,57.35532760620117,237.04727172851562,659.0160522460938
2020-01-30,171.18856811523438,561.15234375,57.78424835205078,237.69107055664062,648.4349975585938
2020-01-31,167.69491577148438,549.9891967773438,56.647117614746094,234.25723266601562,629.8683471679688
2020-02-03,169.3718719482422,553.8762817382812,56.407718658447266,232.9694061279297,629.4690551757812
2020-02-04,171.68765258789062,561.85009765625,57.35532760620117,238.2276611328125,637.2550659179688
2020-02-05,172.64598083496094,567.1326904296875,56.99623489379883,237.79840087890625,639.6508178710938
2020-02-06,176.3990936279297,571.6179809570312,56.80671310424805,241.12503051757812,637.6544799804688
2020-02-07,176.83831787109375,579.392333984375,56.77678680419922,239.1934356689453,635.657958984375
2020-02-10,176.5787811279297,576.402099609375,56.73688888549805,237.69107055664062,629.4690551757812
2020-02-11,178.69491577148438,589.4591064453125,56.58725357055664,238.76414489746094,641.647216796875
2020-02-12,179.01429748535156,593.4461059570312,57.295475006103516,244.66622924804688,640.2498168945312
2020-02-13,175.99981689453125,587.9640502929688,57.88398742675781,245.4174346923828,633.0626220703125
2020-02-14,175.60055541992188,582.5817260742188,56.467567443847656,228.67710876464844,634.0609130859375
2020-02-17,177.3773193359375,588.761474609375,56.7269172668457,224.27737426757812,634.0609130859375
2020-02-18,174.76206970214844,550.0888671875,55.739402770996094,222.02386474609375,629.4690551757812
2020-02-19,176.4190673828125,557.1654663085938,55.63965606689453,221.0580596923828,625.0770874023438
2020-02-20,180.99075317382812,557.8631591796875,56.407718658447266,222.8823699951172,620.0859375
2020-02-21,179.29383850097656,560.3550415039062,55.21073532104492,219.01913452148438,625.8755493164062
2020-02-24,169.7112579345703,548.9923706054688,52.97637176513672,212.20504760742188,605.51220703125
2020-02-25,165.55880737304688,537.9288940429688,51.8791389465332,209.36126708984375,583.3519897460938
2020-02-26,165.63865661621094,553.1785888671875,51.779396057128906,207.16140747070312,590.5389404296875
2020-02-27,154.15953063964844,527.5628662109375,50.22331237792969,196.80601501464844,569.5765991210938
2020-02-28,148.46990966796875,522.1806030273438,50.07368850708008,191.70887756347656,561.591064453125
2020-03-02,143.03976440429688,518.3930053710938,49.41535949707031,185.1092987060547,549.4129638671875
2020-03-03,139.3065643310547,508.126953125,48.552528381347656,182.90943908691406,537.2348022460938
2020-03-04,138.2884063720703,510.5191345214844,48.243316650390625,180.54867553710938,557.3985595703125
2020-03-05,134.43545532226562,504.7380676269531,46.881744384765625,172.55410766601562,531.2456665039062
2020-03-06,130.70223999023438,492.179443359375,45.56507110595703,168.7445526123047,518.668212890625
2020-03-09,117.88554382324219,468.45758056640625,41.13125228881836,151.1994171142578,455.4816589355469
2020-03-10,116.6278305053711,476.9296875,42.427978515625,152.16514587402344,472.3514404296875
2020-03-11,117.72583770751953,483.9067077636719,42.01401901245117,151.95062255859375,471.0537109375
2020-03-12,97.3429183959961,443.140869140625,36.90190887451172,134.88833618164062,417.4500427246094
2020-03-13,102.19407653808594,464.3211669921875,37.79467010498047,140.2538299560547,436.116455078125
2020-03-16,88.89827728271484,462.8759765625,35.021663665771484,135.6931610107422,441.2073669433594
2020-03-17,87.60065460205078,493.0266418457031,35.23112487792969,141.38059997558594,455.68133544921875
2020-03-18,83.04891967773438,489.3886413574219,33.55037307739258,137.08819580078125,452.1876220703125
2020-03-19,83.58792877197266,498.359130859375,32.29354476928711,131.18614196777344,450.390869140625
2020-03-20,88.85834503173828,498.359130859375,32.01923370361328,122.11846923828125,445.6993103027344
2020-03-23,84.54619598388672,488.39190673828125,30.493085861206055,121.36724090576172,420.3448181152344
2020-03-24,95.84562683105469,513.3099365234375,33.56034851074219,129.03988647460938,449.79193115234375
2020-03-25,105.5879135131836,508.22662353515625,36.6375846862793,146.74609375,472.5509948730469
2020-03-26,107.78392791748047,496.2659912109375,37.46549987792969,142.18545532226562,480.1373596191406
2020-03-27,97.19318389892578,465.0188903808594,34.30846405029297,128.93270874023438,465.86309814453125
2020-03-30,93.82930755615234,461.1318054199219,33.415714263916016,125.98160552978516,454.6831359863281
2020-03-31,93.93910217285156,452.7593078613281,31.91948699951172,121.1527328491211,445.00048828125
2020-04-01,82.70953369140625,409.65118408203125,28.198869705200195,114.8213882446289,412.65863037109375
2020-04-02,81.47178649902344,396.44464111328125,28.832273483276367,112.08504486083984,397.685546875
2020-04-03,80.09429168701172,395.89654541015625,27.655241012573242,109.18765258789062,405.6711730957031
2020-04-06,86.40280151367188,413.33905029296875,29.86467170715332,114.87508392333984,420.3448181152344
2020-04-07,94.61787414550781,418.22296142578125,31.14145278930664,123.99637603759766,433.3215026855469
2020-04-08,92.48175811767578,419.0701904296875,31.779836654663086,123.72813415527344,436.3161315917969
2020-04-09,97.40280151367188,427.44256591796875,33.30598831176758,131.4543914794922,450.09136962890625
2020-04-14,93.380126953125,426.0472106933594,31.705028533935547,123.35258483886719,423.4393005371094
2020-04-15,86.84201049804688,406.7607116699219,29.67015838623047,111.92400360107422,393.2934265136719
2020-04-16,86.921875,404.2689208984375,29.36094093322754,111.33380889892578,396.28802490234375
2020-04-17,90.54528045654297,412.9902648925781,30.373384475708008,113.96294403076172,405.77099609375
2020-04-20,90.84473419189453,416.5783996582031,30.044218063354492,113.69459533691406,399.0829772949219
2020-04-21,86.35289764404297,397.9896545410156,29.146482467651367,110.3143539428711,380.81585693359375
2020-04-22,87.54074096679688,404.2689208984375,29.839733123779297,112.35327911376953,382.11346435546875
2020-04-23,90.43547821044922,408.9533996582031,30.34844970703125,114.23119354248047,391.19720458984375
2020-04-24,88.4490966796875,400.8301696777344,29.660184860229492,112.2459716796875,375.62518310546875
2020-04-27,90.8946304321289,414.93377685546875,30.458173751831055,115.35797882080078,382.4129943847656
2020-04-28,97.58248901367188,419.1697998046875,33.161354064941406,123.45978546142578,389.2007751464844
2020-04-29,109.97991943359375,427.0937805175781,34.672542572021484,129.2545166015625,434.2198791503906
2020-04-30,105.70768737792969,408.6544189453125,32.15888595581055,118.63089752197266,406.76922607421875
2020-05-01,102.55343627929688,401.1292724609375,31.60527801513672,121.52828216552734,407.76739501953125
2020-05-04,99.49899291992188,394.3016662597656,30.523008346557617,118.20164489746094,389.60003662109375
2020-05-05,103.21223449707031,399.8832702636719,30.5030574798584,120.99169921875,400.0812072753906
2020-05-06,100.67684173583984,400.630859375,30.094087600708008,116.10910034179688,392.9939880371094
2020-05-07,105.22856140136719,411.3456115722656,31.206287384033203,122.44042205810547,412.65863037109375
2020-05-11,102.41368865966797,409.65118408203125,30.338478088378906,118.5235824584961,404.07403564453125
2020-05-12,101.81478118896484,409.15283203125,29.8098087310791,118.14802551269531,400.87982177734375
2020-05-13,97.83203125,403.2722473144531,28.93701171875,113.74832153320312,389.2007751464844
2020-05-14,96.96360778808594,397.192138671875,28.543001174926758,112.8898696899414,387.40399169921875
2020-05-15,97.27302551269531,398.3882751464844,28.433279037475586,112.03132629394531,386.3059997558594
2020-05-18,105.00896453857422,413.33905029296875,29.61031150817871,114.8213882446289,401.57855224609375
2020-05-19,104.52983856201172,410.1495361328125,29.51055908203125,114.44583129882812,410.06329345703125
2020-05-20,106.5262222290039,411.3953857421875,29.789857864379883,114.55313873291016,412.7584533691406
2020-05-21,103.73129272460938,397.5909423828125,28.31856918334961,110.74360656738281,390.79791259765625
2020-05-22,102.95270538330078,377.75628662109375,28.049251556396484,111.76307678222656,381.31494140625
2020-05-26,110.57884216308594,386.3777770996094,29.99932861328125,120.77706146240234,400.2808532714844
2020-05-27,119.62237548828125,395.2984313964844,31.73495101928711,128.93270874023438,410.66229248046875
2020-05-28,122.39733123779297,383.0886535644531,31.301048278808594,126.67913055419922,391.3968505859375
2020-05-29,115.0307388305664,368.8854064941406,29.79484748840332,118.41627502441406,367.7393493652344
2020-06-01,120.56067657470703,379.1515808105469,30.78235626220703,123.78175354003906,399.5820617675781
2020-06-02,119.28299713134766,383.5371398925781,31.849658966064453,129.36183166503906,399.7817687988281
2020-06-03,125.0924301147461,400.48138427734375,33.675052642822266,134.67372131347656,426.5336608886719
2020-06-04,123.29569244384766,398.0892333984375,33.79974365234375,135.96141052246094,430.2270812988281
2020-06-05,131.16140747070312,421.56195068359375,35.45556640625,147.38987731933594,463.6669921875
2020-06-08,131.56065368652344,419.3691711425781,36.787208557128906,150.6092071533203,459.37469482421875
2020-06-09,125.05250549316406,404.11944580078125,35.13637161254883,140.95132446289062,442.00592041015625
2020-06-10,123.77481079101562,399.2354431152344,34.931884765625,138.16128540039062,449.1930236816406
2020-06-11,114.79116821289062,375.01519775390625,31.964370727539062,126.08891296386719,413.25750732421875
2020-06-12,116.84742736816406,379.1018371582031,31.849658966064453,127.37662506103516,426.1343688964844
2020-06-15,115.88916778564453,374.9654541015625,31.45067024230957,126.89374542236328,416.75128173828125
2020-06-16,122.45724487304688,382.54046630859375,33.06659698486328,133.65426635742188,427.8313903808594
2020-06-17,119.1632080078125,380.7961730957031,32.4930419921875,131.77635192871094,424.23785400390625
2020-06-18,118.42456817626953,380.2978820800781,32.34840774536133,131.4543914794922,423.03997802734375
2020-06-19,116.34834289550781,390.1155090332031,32.15389633178711,130.59593200683594,426.2342224121094
2020-06-22,115.09062194824219,380.0984191894531,31.565380096435547,129.3082275390625,427.43212890625
2020-06-23,116.68772888183594,386.3279724121094,32.66261672973633,132.58114624023438,429.8277893066406
2020-06-24,111.65686798095703,379.5503234863281,31.530466079711914,128.44972229003906,419.945556640625
2020-06-25,112.41548919677734,383.0886535644531,31.540441513061523,128.98631286621094,424.0381774902344
2020-06-26,110.77848815917969,379.0020751953125,31.006784439086914,127.1619873046875,421.8421325683594
2020-06-29,114.29209899902344,383.5371398925781,31.176359176635742,130.05935668945312,438.412353515625
2020-06-30,114.21221923828125,377.35748291015625,31.096561431884766,130.48863220214844,439.31072998046875
2020-07-01,113.33380889892578,371.07818603515625,30.622756958007812,128.18145751953125,430.2270812988281
2020-07-02,117.68590545654297,387.8230285644531,31.76986312866211,134.1371307373047,441.4070129394531
2020-07-03,115.50987243652344,382.24139404296875,30.946937561035156,130.7568817138672,434.2198791503906
2020-07-06,117.08700561523438,407.3088684082031,31.126487731933594,134.2444610595703,456.4798583984375
2020-07-07,114.75125122070312,393.85321044921875,30.662654876708984,130.7032470703125,441.4070129394531
2020-07-08,114.19227600097656,382.3909606933594,30.64270782470703,129.4155731201172,434.8188781738281
2020-07-09,111.75668334960938,372.07489013671875,29.660184860229492,126.67913055419922,428.0309753417969
2020-07-10,117.5461654663086,376.56011962890625,30.378374099731445,130.38134765625,433.42138671875
2020-07-13,119.3428955078125,379.5503234863281,30.562908172607422,131.50808715820312,443.5032653808594
2020-07-14,119.14324951171875,382.49053955078125,30.02925682067871,130.11309814453125,444.3017883300781
2020-07-15,120.08155059814453,384.8329772949219,30.308549880981445,130.38134765625,445.4996337890625
2020-07-16,118.36466217041016,384.3345947265625,30.453187942504883,130.8641815185547,446.9969482421875
2020-07-17,116.18862915039062,378.30438232421875,30.488101959228516,129.4155731201172,442.20556640625
2020-07-20,116.00895690917969,373.0716552734375,30.33348846435547,128.18145751953125,441.50677490234375
2020-07-21,116.4281997680664,379.6997985839844,30.42824935913086,130.22039794921875,450.4906311035156
2020-07-22,117.20677185058594,369.28411865234375,30.24371337890625,129.73741149902344,444.1020812988281
2020-07-23,116.24852752685547,365.89520263671875,30.08910369873047,125.44512176513672,435.517578125
2020-07-24,113.39370727539062,363.6526794433594,29.620285034179688,123.40618133544922,425.5354919433594
2020-07-27,110.79843139648438,351.94122314453125,28.827287673950195,120.24055480957031,420.2450256347656
2020-07-28,111.65686798095703,352.0907287597656,29.146482467651367,122.6550521850586,420.94378662109375
2020-07-29,104.82928466796875,361.1109619140625,28.29362678527832,119.6503677368164,419.5462646484375
2020-07-30,100.59700775146484,345.9110412597656,26.13906478881836,113.69459533691406,393.3932189941406
2020-07-31,100.37738800048828,341.0770568847656,26.2188663482666,113.74832153320312,385.108154296875
2020-08-03,103.63148498535156,331.15960693359375,27.79987907409668,119.16749572753906,391.0973815917969
2020-08-04,105.1087875366211,335.5950927734375,28.08416175842285,120.66973114013672,400.4804992675781
2020-08-05,107.14508056640625,332.3557434082031,28.104110717773438,120.13325500488281,402.6765441894531
2020-08-06,105.64779663085938,323.88360595703125,28.08914566040039,120.07952880859375,395.0902099609375
2020-08-07,104.41004943847656,324.48162841796875,27.715091705322266,118.68450164794922,400.1810607910156
2020-08-10,106.44635009765625,329.9136962890625,28.343507766723633,122.44042205810547,405.8708190917969
2020-08-11,111.55706024169922,344.8644714355469,29.380889892578125,128.07412719726562,427.3323059082031
2020-08-12,111.29752349853516,355.9280700683594,29.61530113220215,128.07412719726562,437.7135925292969
2020-08-13,107.88374328613281,342.62188720703125,29.10658073425293,123.13793182373047,422.6407470703125
2020-08-14,109.001708984375,340.17987060546875,28.877161026000977,124.21100616455078,421.14337158203125
2020-08-17,107.7439956665039,337.53863525390625,28.552980422973633,122.11846923828125,416.05255126953125
2020-08-18,107.92366790771484,331.3091735839844,28.114084243774414,120.24055480957031,406.76922607421875
2020-08-19,109.99988555908203,334.49859619140625,28.587892532348633,123.56710815429688,412.55877685546875
2020-08-20,107.3846435546875,327.8703918457031,28.064212799072266,119.75770568847656,396.68731689453125
2020-08-21,107.80388641357422,327.0730285644531,28.0293025970459,120.02592468261719,391.19720458984375
2020-08-24,110.19951629638672,336.8907470703125,28.528038024902344,121.63557434082031,397.9850769042969
2020-08-25,108.94180297851562,333.6513977050781,28.129051208496094,120.02592468261719,388.90130615234375
2020-08-26,110.19951629638672,330.5117492675781,28.403356552124023,122.06475830078125,390.79791259765625
2020-08-27,110.33926391601562,326.9734191894531,28.129051208496094,120.24055480957031,383.71063232421875
2020-08-28,111.75668334960938,329.0664978027344,28.278671264648438,121.04539489746094,391.6963195800781
2020-09-01,105.70768737792969,315.9597473144531,26.87221908569336,114.49942779541016,376.8229675292969
2020-09-02,103.31204986572266,319.3983459472656,26.94702911376953,112.8898696899414,372.1314697265625
2020-09-03,105.3683090209961,316.20892333984375,26.81237030029297,112.67525482177734,369.9354248046875
2020-09-04,106.6859130859375,318.70068359375,26.87221908569336,115.67992401123047,374.626953125
2020-09-07,106.74581909179688,322.0894775390625,26.897157669067383,114.44583129882812,384.90850830078125
2020-09-08,104.09063720703125,320.24554443359375,26.39342498779297,111.92400360107422,374.9263916015625
2020-09-09,104.6895523071289,326.6245422363281,26.408388137817383,111.44114685058594,386.00653076171875
2020-09-10,104.84927368164062,323.58453369140625,26.353525161743164,111.44114685058594,384.3095397949219
2020-09-11,102.43364715576172,321.8403015136719,25.814884185791016,109.61685180664062,378.8194274902344
2020-09-14,103.43183898925781,321.0429382324219,26.298664093017578,110.26074981689453,381.5146179199219
2020-09-15,102.45362091064453,321.7406921386719,26.089197158813477,109.02664184570312,376.22412109375
2020-09-16,102.77303314208984,315.9597473144531,26.518110275268555,110.63630676269531,380.9156494140625
2020-09-17,100.35743713378906,309.780029296875,26.18893814086914,107.36336517333984,371.93182373046875
2020-09-18,97.24309539794922,303.0023193359375,25.176496505737305,103.96170043945312,358.7554931640625
2020-09-21,91.9926528930664,287.05487060546875,23.91966438293457,100.14140319824219,337.8929443359375
2020-09-22,91.8030014038086,286.15777587890625,24.228883743286133,103.51091003417969,343.58270263671875
2020-09-23,92.73130798339844,289.29742431640625,24.523141860961914,105.33519744873047,352.1672668457031
2020-09-24,92.70137023925781,285.7591552734375,24.518156051635742,106.51559448242188,345.3795166015625
2020-09-25,91.38375091552734,282.420166015625,24.657804489135742,106.90189361572266,336.1959533691406
2020-09-28,97.82205200195312,307.5373229980469,26.52808380126953,115.14334106445312,361.350830078125
2020-09-29,97.07341003417969,297.5203552246094,26.064254760742188,112.40691375732422,351.0693359375
2020-09-30,97.4327392578125,300.5105895996094,26.288686752319336,113.80194854736328,355.4613342285156
2020-10-01,97.82205200195312,303.6003723144531,26.4632511138916,115.35797882080078,355.96051025390625
2020-10-02,97.53256225585938,307.1886291503906,27.126575469970703,117.87968444824219,359.25457763671875
2020-10-05,99.26941680908203,308.3347473144531,26.917102813720703,119.00646209716797,361.94970703125
2020-10-06,103.9908218383789,313.26849365234375,27.88466453552246,123.83546447753906,370.73394775390625
2020-10-07,104.31024169921875,314.3648986816406,27.82979965209961,122.44042205810547,375.1260070800781
2020-10-08,106.90552520751953,313.0692138671875,28.303606033325195,122.33311462402344,381.4147644042969
2020-10-09,107.085205078125,308.3846130371094,28.153982162475586,121.9038314819336,376.1242370605469
2020-10-12,105.64779663085938,307.1886291503906,27.99937629699707,121.2063217163086,378.3203430175781
2020-10-13,101.91460418701172,304.1983642578125,26.802396774291992,116.86031341552734,370.73394775390625
2020-10-14,101.3556137084961,295.6266784667969,26.892166137695312,118.9528579711914,354.1637268066406
2020-10-15,99.93820190429688,298.2679748535156,26.523099899291992,118.5235824584961,359.853515625
2020-10-16,101.61514282226562,305.34466552734375,26.942039489746094,121.42095184326172,369.13677978515625
2020-10-19,103.17230987548828,308.23516845703125,27.0517635345459,123.40618133544922,377.9210510253906
2020-10-20,104.13056182861328,307.5373229980469,27.106626510620117,123.88906860351562,379.9174499511719
2020-10-21,102.5334701538086,301.4075927734375,27.09665298461914,124.80120086669922,376.1242370605469
2020-10-22,104.09063720703125,305.942626953125,27.844768524169922,127.75218200683594,382.6125793457031
2020-10-23,111.33745574951172,320.34527587890625,29.211320877075195,131.77635192871094,398.6837463378906
2020-10-26,110.3193130493164,318.3019104003906,28.976909637451172,130.97149658203125,392.5946350097656
2020-10-27,106.40643310546875,329.0166931152344,28.253732681274414,128.3424072265625,384.0101318359375
2020-10-28,103.61151123046875,317.953125,27.580432891845703,123.78175354003906,373.0298767089844
2020-10-29,104.4699478149414,322.93670654296875,28.208845138549805,125.71336364746094,344.38128662109375
2020-10-30,106.36649322509766,323.48486328125,27.95448875427246,133.27867126464844,351.1690673828125
2020-11-02,106.84562683105469,331.55828857421875,27.759979248046875,128.8253631591797,358.3561706542969
2020-11-03,113.15414428710938,345.7117004394531,29.171419143676758,138.2148895263672,371.83197021484375
2020-11-04,110.1795654296875,331.35894775390625,28.4482421875,135.21031188964844,354.2635498046875
2020-11-05,109.95996856689453,335.04681396484375,27.640275955200195,134.40550231933594,366.04241943359375
2020-11-06,110.7385482788086,336.69146728515625,27.296144485473633,133.9761962890625,364.345458984375
2020-11-09,128.30657958984375,372.7726135253906,30.702560424804688,147.8191680908203,424.4375
2020-11-10,134.15594482421875,372.7227478027344,32.05415344238281,152.00424194335938,416.75128173828125
2020-11-11,135.27391052246094,386.3279724121094,33.296016693115234,156.67221069335938,427.43212890625
2020-11-12,132.1196746826172,371.2775573730469,33.38578796386719,154.3114013671875,415.7530822753906
2020-11-13,133.9163818359375,371.47698974609375,34.63264846801758,158.28184509277344,416.15234375
2020-11-16,138.5279998779297,387.5240783691406,35.50045394897461,164.18392944335938,438.71185302734375
2020-11-17,138.148681640625,375.36407470703125,35.50543975830078,166.70562744140625,436.116455078125
2020-11-18,141.34286499023438,383.5371398925781,35.57526397705078,169.3347625732422,443.3035888671875
2020-11-19,138.68771362304688,382.59027099609375,35.5652961730957,167.8324432373047,437.81341552734375
2020-11-20,137.50982666015625,379.64990234375,35.724884033203125,167.08128356933594,441.1075134277344
2020-11-23,139.94541931152344,382.7398376464844,37.106407165527344,169.65670776367188,449.1930236816406
2020-11-24,149.92723083496094,398.33843994140625,39.40061569213867,178.2950897216797,469.1571350097656
2020-11-25,143.13958740234375,396.99285888671875,38.034061431884766,175.39768981933594,470.1553955078125
2020-11-26,140.84378051757812,396.5443420410156,37.22610092163086,171.85655212402344,460.3729248046875
2020-11-27,139.24668884277344,403.5213928222656,37.20116424560547,172.39306640625,462.86846923828125
2020-11-30,134.31564331054688,386.9758605957031,35.53037643432617,165.90087890625,451.3890686035156
2020-12-01,142.9799041748047,404.7672119140625,38.1786994934082,176.7927703857422,476.04473876953125
2020-12-02,146.6731719970703,416.97705078125,38.647518157958984,178.13421630859375,486.6257019042969
2020-12-03,148.29025268554688,419.9673156738281,39.10136795043945,182.48020935058594,483.2318420410156
2020-12-04,148.35011291503906,421.2629089355469,38.92681121826172,183.1776885986328,489.02142333984375
2020-12-07,145.994384765625,410.19940185546875,37.241058349609375,178.83169555664062,479.13922119140625
2020-12-08,146.09420776367188,399.08599853515625,37.10141372680664,179.09994506835938,473.44940185546875
2020-12-09,145.6350555419922,401.6774597167969,37.156280517578125,180.065673828125,474.54742431640625
2020-12-10,141.50257873535156,401.82696533203125,35.58024978637695,172.87603759765625,476.8433532714844
2020-12-11,135.81292724609375,399.2852783203125,33.98427963256836,161.3401641845703,474.44757080078125
2020-12-14,142.1014862060547,402.07611083984375,35.64010238647461,169.38844299316406,473.8487548828125
2020-12-15,144.437255859375,401.32861328125,36.55778884887695,173.09060668945312,478.9395446777344
2020-12-16,143.9381561279297,395.6971435546875,36.188716888427734,173.41250610351562,469.65625
2020-12-17,145.27572631835938,393.45452880859375,36.12887191772461,174.64659118652344,471.9521484375
2020-12-18,144.7366943359375,386.4775085449219,34.812191009521484,168.85186767578125,464.8648681640625
2020-12-21,141.0034942626953,379.849365234375,33.495513916015625,164.66676330566406,461.0716247558594
2020-12-22,145.7149200439453,382.54046630859375,34.60771560668945,170.51516723632812,462.169677734375
2020-12-23,151.54432678222656,384.5339050292969,37.03158950805664,179.09994506835938,471.1535339355469
2020-12-24,154.31927490234375,384.7333068847656,38.50786209106445,181.29978942871094,471.75244140625
2020-12-29,149.0089111328125,382.2912292480469,36.66252136230469,175.29043579101562,468.158935546875
2020-12-30,148.60963439941406,381.7430114746094,36.71738815307617,177.65133666992188,471.1535339355469
2020-12-31,146.4136505126953,377.606689453125,36.34831619262695,179.90476989746094,465.0644836425781
2021-01-04,143.2593994140625,379.1018371582031,34.747352600097656,170.4078369140625,462.5689392089844
2021-01-05,142.93997192382812,377.35748291015625,35.12141418457031,167.45680236816406,465.26409912109375
2021-01-06,154.75845336914062,414.7843017578125,37.06650161743164,179.5292205810547,508.8857116699219
2021-01-07,155.8365020751953,415.681396484375,36.797183990478516,179.6901397705078,511.2814636230469
2021-01-08,152.64230346679688,410.3988037109375,36.73234939575195,177.16831970214844,507.48828125
2021-01-11,150.92543029785156,406.8603515625,36.07400131225586,173.7344512939453,505.89111328125
2021-01-12,153.9599151611328,411.44525146484375,36.652549743652344,175.12948608398438,510.4828796386719
2021-01-13,152.08334350585938,401.82696533203125,36.15380859375,171.80284118652344,498.1051330566406
2021-01-14,152.58242797851562,406.8603515625,36.363277435302734,172.8223419189453,497.3066101074219
2021-01-15,148.52980041503906,401.9266357421875,35.84458541870117,170.1395721435547,488.82177734375
2021-01-18,151.04522705078125,401.6774597167969,36.083988189697266,172.50038146972656,490.0196228027344
2021-01-19,146.59332275390625,410.0997619628906,35.909420013427734,168.7981719970703,475.74530029296875
2021-01-20,146.05430603027344,406.6610412597656,35.69496154785156,167.93971252441406,468.3586120605469
2021-01-21,144.53704833984375,412.24267578125,35.22614288330078,168.7981719970703,470.6544189453125
2021-01-22,142.8002166748047,406.0131530761719,34.682525634765625,166.8666534423828,461.0716247558594
2021-01-25,136.87100219726562,396.79351806640625,33.74987030029297,162.6278533935547,454.084228515625
2021-01-26,139.18678283691406,398.8866882324219,34.323421478271484,164.66676330566406,459.17510986328125
2021-01-27,134.07611083984375,398.8367919921875,33.166343688964844,158.55010986328125,447.3962707519531
2021-01-28,136.3319549560547,394.0525817871094,33.38578796386719,160.80368041992188,453.7847595214844
2021-01-29,133.29750061035156,381.493896484375,32.91696548461914,158.3892059326172,443.2037353515625
2021-02-01,134.5951385498047,382.4407958984375,33.440650939941406,162.0376739501953,445.00048828125
2021-02-02,139.92544555664062,390.16534423828125,33.90946960449219,166.27642822265625,448.7937316894531
2021-02-03,141.5425262451172,387.27490234375,34.09400177001953,166.59840393066406,445.39984130859375
2021-02-04,145.5153045654297,394.7004089355469,36.01914596557617,175.82699584960938,451.3890686035156
2021-02-05,146.95266723632812,391.21185302734375,36.90690612792969,182.8021697998047,447.49603271484375
2021-02-08,147.2122039794922,389.1187438964844,37.605140686035156,185.21664428710938,456.77935791015625
2021-02-09,147.4318084716797,393.7036437988281,37.45052719116211,186.3970489501953,455.1822509765625
2021-02-10,147.41180419921875,397.3915710449219,37.40564727783203,188.00668334960938,462.4691467285156
2021-02-11,145.6949462890625,396.0459289550781,36.97672653198242,184.78738403320312,459.6742248535156
2021-02-12,145.6350555419922,400.48138427734375,37.00665283203125,183.87522888183594,462.06988525390625
2021-02-15,153.68045043945312,409.1029968261719,38.99164962768555,192.8355712890625,480.2372131347656
2021-02-16,155.27752685546875,426.34619140625,39.38066482543945,194.6061553955078,487.5241394042969
2021-02-17,154.07969665527344,430.8314208984375,38.82706069946289,191.1723175048828,496.6078186035156
2021-02-18,147.232177734375,417.8243103027344,37.390682220458984,183.8216094970703,488.222900390625
2021-02-19,153.3610076904297,422.5586853027344,38.093910217285156,193.31846618652344,491.6167907714844
2021-02-22,153.97988891601562,430.2334289550781,38.323333740234375,196.05490112304688,499.7022399902344
2021-02-23,158.8909454345703,426.5954284667969,39.12132263183594,199.3815155029297,506.4900817871094
2021-02-24,164.28115844726562,427.8911437988281,39.236026763916016,200.186279296875,508.4864501953125
2021-02-25,162.2547149658203,433.7219543457031,39.11134338378906,198.41571044921875,477.1427917480469
2021-02-26,159.31985473632812,424.8013000488281,38.901878356933594,197.66455078125,461.27130126953125
2021-03-01,161.05677795410156,418.77117919921875,38.90686798095703,199.2205352783203,469.1571350097656
2021-03-02,161.93528747558594,422.359375,38.78217315673828,199.2205352783203,481.5349426269531
2021-03-03,170.04100036621094,431.47930908203125,40.31331253051758,204.907958984375,496.1087341308594
2021-03-04,166.36749267578125,425.1003112792969,40.243492126464844,200.186279296875,476.53033447265625
2021-03-05,171.27883911132812,436.16387939453125,39.97417068481445,201.7959442138672,498.49481201171875
2021-03-08,177.6077117919922,454.00518798828125,41.67488098144531,206.30296325683594,508.17919921875
2021-03-09,175.47146606445312,445.8818664550781,41.03150177001953,203.2446746826172,497.5962829589844
2021-03-10,173.694580078125,444.63604736328125,40.677398681640625,201.58131408691406,493.2033996582031
2021-03-11,173.95413208007812,423.7575988769531,40.39809799194336,200.56195068359375,483.7187194824219
2021-03-12,180.2830047607422,427.0975036621094,41.1063117980957,204.5859832763672,489.3096618652344
2021-03-15,179.9635467529297,422.7108459472656,40.9965934753418,202.22520446777344,491.8056640625
2021-03-16,182.69874572753906,421.5144348144531,41.37063980102539,199.27420043945312,490.5077209472656
2021-03-17,181.0017547607422,429.2907409667969,41.35568618774414,201.3130645751953,499.7927551269531
2021-03-18,183.47738647460938,440.2073974609375,41.50032043457031,204.425048828125,502.3885498046875
2021-03-19,182.27947998046875,429.5399475097656,40.92177963256836,205.39083862304688,489.80889892578125
2021-03-22,180.64234924316406,423.707763671875,40.89684295654297,208.55641174316406,485.81536865234375
2021-03-23,180.76214599609375,423.0596923828125,41.23598861694336,209.36126708984375,483.41925048828125
2021-03-24,183.89663696289062,422.4116516113281,42.12873840332031,210.27340698242188,487.2131652832031
2021-03-25,181.72047424316406,420.1186828613281,41.6599235534668,203.490478515625,492.1051330566406
2021-03-26,182.6388702392578,421.41473388671875,42.14868927001953,206.0662841796875,499.1937255859375
2021-03-29,180.06336975097656,416.8287353515625,41.95417022705078,203.65139770507812,501.19049072265625
2021-03-30,188.8079833984375,429.3406066894531,42.99155807495117,211.7545928955078,512.7718505859375
2021-03-31,185.59365844726562,421.9132385253906,42.427978515625,210.6276397705078,498.6945495605469
2021-04-01,183.67703247070312,421.9132385253906,42.66238784790039,211.11058044433594,489.4095458984375
2021-04-06,185.2542724609375,425.5521545410156,42.72223663330078,210.78854370117188,495.29998779296875
2021-04-07,187.03114318847656,432.630615234375,43.24092483520508,212.66690063476562,499.0938720703125
2021-04-08,187.65005493164062,438.6621398925781,43.30576705932617,212.4521942138672,503.786376953125
2021-04-09,185.37405395507812,436.07000732421875,43.14617156982422,211.05694580078125,496.69775390625
2021-04-12,187.74984741210938,431.2348327636719,44.278316497802734,213.36447143554688,496.09869384765625
2021-04-13,186.49208068847656,425.6019592285156,43.639923095703125,212.72048950195312,490.7074279785156
2021-04-14,187.25074768066406,427.595947265625,43.719722747802734,211.80821228027344,490.8072814941406
2021-04-15,184.31590270996094,419.8694763183594,42.70784378051758,208.48114013671875,485.81536865234375
2021-04-16,188.8479461669922,426.1502990722656,43.356292724609375,214.16934204101562,493.2033996582031
2021-04-19,187.35055541992188,426.7983093261719,43.65058898925781,213.36447143554688,494.4014587402344
2021-04-20,181.4809112548828,415.9813537597656,41.94466781616211,207.13951110839844,474.23406982421875
2021-04-21,180.42279052734375,414.58563232421875,41.51569747924805,206.9248504638672,473.7348327636719
2021-04-22,181.99998474121094,414.23663330078125,41.874839782714844,206.3883056640625,478.0279235839844
2021-04-23,181.66053771972656,417.72601318359375,42.53326416015625,209.23236083984375,479.0262756347656
2021-04-26,185.7533721923828,421.464599609375,42.787654876708984,213.25718688964844,483.41925048828125
2021-04-27,186.17263793945312,439.0609130859375,43.47101974487305,215.83294677734375,488.61083984375
2021-04-28,188.6283416748047,442.0019836425781,44.99736785888672,218.4087677001953,493.00372314453125
2021-04-29,188.38877868652344,452.9186706542969,45.346534729003906,211.05694580078125,520.7589111328125
2021-04-30,175.19195556640625,451.4232177734375,45.32658386230469,211.00326538085938,518.7620849609375
2021-05-04,170.6000213623047,439.8585205078125,44.937503814697266,207.13951110839844,504.1856994628906
2021-05-05,176.44973754882812,453.0183410644531,46.11967849731445,213.8474578857422,514.1696166992188
2021-05-06,176.78915405273438,453.76605224609375,46.0947380065918,211.11058044433594,519.1614379882812
2021-05-07,181.22134399414062,449.82806396484375,46.44390869140625,214.6524200439453,515.7669677734375
2021-05-10,185.1344757080078,453.0183410644531,47.73581314086914,211.48619079589844,520.5591430664062
2021-05-11,179.68406677246094,438.6621398925781,46.563621520996094,204.9930419921875,507.1808166503906
2021-05-12,181.14151000976562,442.5503234863281,47.17715072631836,203.490478515625,508.3788757324219
2021-05-13,177.88722229003906,442.4007263183594,46.89284133911133,203.16847229003906,506.5818176269531
2021-05-14,180.3828125,447.4353942871094,48.13486099243164,207.1931610107422,506.1824645996094
2021-05-17,178.90542602539062,442.0518493652344,47.955284118652344,207.56886291503906,497.3966369628906
2021-05-18,179.94357299804688,445.341796875,48.48402404785156,213.09609985351562,504.78466796875
2021-05-19,177.76742553710938,441.9521484375,47.845550537109375,212.50579833984375,500.7911682128906
2021-05-20,178.5660400390625,444.59405517578125,48.10492706298828,217.65745544433594,503.1872863769531
2021-05-21,178.70578002929688,443.0986633300781,48.354339599609375,217.33551025390625,506.1824645996094
2021-05-24,179.3645782470703,445.1922302246094,48.603736877441406,217.7647705078125,505.1841125488281
2021-05-25,179.32472229003906,448.58197021484375,48.952903747558594,217.7647705078125,507.1808166503906
2021-05-26,178.9453582763672,445.4913024902344,48.299461364746094,216.3695526123047,497.19696044921875
2021-05-27,183.37754821777344,448.8311462402344,49.785911560058594,220.98458862304688,505.7830810546875
2021-05-28,182.7786102294922,453.9156494140625,49.77094650268555,222.1651611328125,506.98114013671875
2021-06-01,185.2542724609375,444.94293212890625,49.66120910644531,223.98974609375,501.58984375
2021-06-02,186.11276245117188,450.32659912109375,49.88067626953125,224.95567321777344,504.1856994628906
2021-06-03,186.01296997070312,447.933837890625,49.43175506591797,225.49232482910156,503.5865783691406
2021-06-04,183.63710021972656,442.6001281738281,48.81822967529297,222.80917358398438,495.100341796875
2021-06-07,186.6517791748047,444.14544677734375,49.51156997680664,225.2776336669922,498.6945495605469
2021-06-08,184.83499145507812,442.9490661621094,48.7833137512207,223.4530792236328,502.3885498046875
2021-06-09,180.1831817626953,436.7679443359375,48.11989974975586,219.0526580810547,496.498046875
2021-06-10,178.74569702148438,434.8238220214844,48.15980529785156,218.19410705566406,496.69775390625
2021-06-11,180.08335876464844,435.62139892578125,48.27951431274414,220.0186767578125,493.00372314453125
2021-06-14,179.08511352539062,438.1138916015625,47.72584533691406,220.1260528564453,490.5077209472656
2021-06-15,178.90542602539062,434.8238220214844,47.8006591796875,221.09190368652344,488.7106628417969
2021-06-16,176.80909729003906,436.7180480957031,47.58118438720703,220.2333526611328,484.5174560546875
2021-06-17,178.50611877441406,438.0639953613281,47.83557891845703,220.5552520751953,484.61724853515625
2021-06-18,171.55833435058594,428.0943603515625,46.31920623779297,216.79888916015625,467.9442138671875
2021-06-21,172.63645935058594,425.25299072265625,46.88285827636719,217.2282257080078,470.8395080566406
2021-06-22,172.2371368408203,422.4615783691406,46.65340042114258,218.73077392578125,465.348388671875
2021-06-23,172.49668884277344,419.6202087402344,46.887840270996094,220.2333526611328,462.4530944824219
2021-06-24,174.09388732910156,423.30889892578125,47.082374572753906,224.31175231933594,464.3500061035156
2021-06-25,174.53309631347656,426.25,47.107322692871094,222.91651916503906,468.44342041015625
2021-06-28,171.2189178466797,419.1217346191406,46.39402389526367,218.73077392578125,459.6575927734375
2021-06-29,172.89601135253906,420.0190124511719,46.678348541259766,219.0526580810547,459.25823974609375
2021-06-30,170.81961059570312,416.0311584472656,46.578575134277344,218.08680725097656,460.256591796875
2021-07-01,174.9923095703125,422.06280517578125,47.50636672973633,222.057861328125,466.8459167480469
2021-07-02,172.05747985839844,415.38311767578125,46.713260650634766,217.2282257080078,455.76385498046875
2021-07-05,177.38809204101562,421.8135681152344,47.59614944458008,222.057861328125,458.65924072265625
2021-07-06,171.2189178466797,415.2336730957031,46.32917404174805,216.79888916015625,450.17291259765625
2021-07-07,172.19723510742188,416.6792297363281,46.678348541259766,217.33551025390625,450.6720886230469
2021-07-08,167.34576416015625,409.3515319824219,45.50614929199219,210.73495483398438,445.28082275390625
2021-07-09,173.05569458007812,412.84088134765625,46.59853744506836,217.2282257080078,453.3677062988281
2021-07-12,172.41683959960938,411.5947265625,47.05743408203125,221.9504852294922,454.06658935546875
2021-07-13,169.70159912109375,410.9466857910156,46.63844299316406,216.15493774414062,447.9764404296875
2021-07-14,170.40037536621094,409.8001403808594,46.822998046875,219.6967010498047,445.48046875
2021-07-15,168.8231658935547,407.5071716308594,46.448890686035156,219.58937072753906,439.7896728515625
2021-07-16,165.129638671875,402.02392578125,45.61090087890625,214.437744140625,433.9990234375
2021-07-19,159.04037475585938,390.6086120605469,43.396202087402344,206.22720336914062,418.4241943359375
2021-07-20,161.37625122070312,394.5965270996094,43.97979736328125,206.9785919189453,420.6206359863281
2021-07-21,166.90652465820312,400.6281433105469,45.53108596801758,214.16934204101562,428.9072570800781
2021-07-22,165.02984619140625,399.4815979003906,45.122066497802734,208.4274444580078,428.0087585449219
2021-07-23,166.82667541503906,400.37890625,45.7755012512207,213.68638610839844,431.00390625
2021-07-26,169.14260864257812,401.6749267578125,46.44390869140625,216.47689819335938,432.8009338378906
2021-07-27,169.0827178955078,402.07366943359375,46.40898895263672,216.3695526123047,431.60284423828125
2021-07-28,172.45675659179688,395.39410400390625,46.668365478515625,216.2621612548828,431.1037292480469
2021-07-29,175.91070556640625,399.78070068359375,46.089752197265625,219.91136169433594,436.0956115722656
2021-07-30,174.1937255859375,396.2415466308594,45.526100158691406,217.2282257080078,431.3033447265625
2021-08-02,175.5912322998047,394.94549560546875,46.124671936035156,219.4820098876953,435.995849609375
2021-08-03,176.05047607421875,396.8396911621094,46.73820114135742,222.59451293945312,440.2889099121094
2021-08-04,178.52609252929688,399.1825866699219,47.192115783691406,225.8143310546875,444.28240966796875
2021-08-05,179.40455627441406,401.6749267578125,45.80194091796875,226.45822143554688,450.47247314453125
2021-08-06,182.33938598632812,408.6037902832031,46.47542953491211,231.50262451171875,458.45953369140625
2021-08-09,184.05636596679688,409.5010986328125,46.53529357910156,232.89784240722656,463.2518310546875
2021-08-10,185.0546112060547,408.7034912109375,46.53529357910156,233.1124267578125,460.4563293457031
2021-08-11,186.17263793945312,411.4451904296875,46.380638122558594,236.2249298095703,465.64788818359375
2021-08-12,183.956298828125,408.7034912109375,46.45048141479492,235.50576782226562,460.7854309082031
2021-08-13,184.79493713378906,410.2487487792969,46.12621307373047,235.61309814453125,464.18011474609375
2021-08-16,182.61849975585938,403.96795654296875,45.527557373046875,233.4662628173828,455.49371337890625
2021-08-17,181.91966247558594,404.6159362792969,44.888999938964844,230.24600219726562,451.4000244140625
2021-08-18,182.09938049316406,404.2171936035156,44.564727783203125,229.38729858398438,453.8961181640625
2021-08-19,178.60513305664062,392.9513244628906,43.73160171508789,227.2405242919922,444.2110900878906
2021-08-20,179.0244140625,394.995361328125,43.886253356933594,228.4212646484375,447.0068664550781
2021-08-23,180.3023223876953,394.0980529785156,43.8563232421875,228.4212646484375,449.3032531738281
2021-08-24,181.52032470703125,389.2620849609375,43.6617546081543,228.85057067871094,447.3063659667969
2021-08-25,184.8348388671875,397.63763427734375,44.415061950683594,231.64141845703125,461.184814453125
2021-08-26,184.23580932617188,394.29742431640625,44.12571334838867,233.4662628173828,458.3891296386719
2021-08-27,185.49375915527344,393.7987976074219,43.99101638793945,234.7543182373047,457.0911560058594
2021-08-31,184.59523010253906,385.0743713378906,43.676727294921875,228.74330139160156,454.0957946777344
2021-09-01,183.6767578125,385.6227722167969,43.921173095703125,228.31390380859375,457.4905700683594
2021-09-02,185.1742706298828,386.1213073730469,43.527061462402344,229.70936584472656,459.0880432128906
2021-09-03,184.3955841064453,383.3294677734375,43.31254196166992,229.70936584472656,452.6979675292969
2021-09-06,185.29408264160156,386.1213073730469,43.676727294921875,230.9974365234375,458.5888671875
2021-09-07,185.07447814941406,381.38519287109375,43.15290069580078,229.27993774414062,458.3891296386719
2021-09-08,182.1193389892578,379.44085693359375,42.3098030090332,225.73776245117188,451.79937744140625
2021-09-09,181.44044494628906,375.3528137207031,42.409576416015625,224.23497009277344,442.7135009765625
2021-09-10,179.96287536621094,374.3058166503906,42.469444274902344,222.30282592773438,439.3187255859375
2021-09-13,183.83648681640625,379.2414245605469,43.53005599975586,225.41574096679688,448.90386962890625
2021-09-14,180.6417694091797,371.8131103515625,43.45721435546875,223.376220703125,438.51995849609375
2021-09-15,179.56353759765625,371.3644714355469,44.0409049987793,225.73776245117188,440.2173156738281
2021-09-16,182.39886474609375,367.8248596191406,44.66949462890625,227.56246948242188,440.6167297363281
2021-09-17,182.4188690185547,374.9538879394531,44.943870544433594,228.635986328125,441.3157043457031
2021-09-20,174.6317138671875,360.645751953125,43.04813766479492,222.73219299316406,410.3636779785156
2021-09-21,174.73153686523438,358.70147705078125,42.379638671875,221.9807586669922,409.3652038574219
2021-09-22,180.9213104248047,374.3058166503906,43.88126754760742,229.27993774414062,428.7351379394531
2021-09-23,183.6567840576172,375.7516174316406,44.958839416503906,233.25157165527344,433.3280029296875
2021-09-24,183.43716430664062,374.3558044433594,45.32801055908203,233.57357788085938,428.0362854003906
2021-09-27,187.47052001953125,384.8251647949219,45.737091064453125,236.9011993408203,434.4263610839844
2021-09-28,186.01295471191406,384.22686767578125,45.39785385131836,237.3304901123047,433.02850341796875
2021-09-29,187.47052001953125,392.3530578613281,46.33075714111328,240.98013305664062,436.5231018066406
2021-09-30,189.28749084472656,388.9130859375,46.465450286865234,241.409423828125,435.324951171875
2021-10-01,187.57034301757812,387.5172424316406,45.13843536376953,239.26266479492188,431.630615234375
2021-10-04,186.9713134765625,383.0802307128906,44.69942092895508,239.37001037597656,428.0362854003906
2021-10-05,194.27926635742188,391.8546447753906,46.41556167602539,246.66921997070312,441.1159362792969
2021-10-06,191.5836944580078,405.1158142089844,45.946617126464844,244.8444061279297,449.802490234375
2021-10-07,193.42068481445312,414.8373718261719,46.395606994628906,241.51678466796875,471.26922607421875
2021-10-08,194.83834838867188,418.3272399902344,46.754798889160156,242.8048553466797,480.0555725097656
2021-10-11,197.3541717529297,429.5442810058594,47.82239532470703,247.95730590820312,490.9386901855469
2021-10-12,197.1345672607422,427.7496337890625,48.41606521606445,246.66921997070312,490.4394836425781
2021-10-13,192.60203552246094,423.3125,47.65277862548828,245.05909729003906,477.0601806640625
2021-10-14,194.07957458496094,424.7583312988281,48.33124923706055,246.34716796875,484.6484375
2021-10-15,197.49398803710938,432.9344482421875,49.004737854003906,251.07022094726562,491.7374572753906
2021-10-18,199.1312713623047,431.5386047363281,49.16438293457031,250.31878662109375,492.4363098144531
2021-10-19,199.19114685058594,430.8405456542969,49.28909683227539,250.7481689453125,493.53466796875
2021-10-20,198.1129150390625,432.03704833984375,48.93988037109375,249.5674285888672,488.2428894042969
2021-10-21,196.57546997070312,433.4827880859375,48.21152114868164,245.27381896972656,484.0493469238281
2021-10-22,198.53225708007812,433.5326843261719,48.6156120300293,247.2058868408203,488.1430358886719
2021-10-25,200.26939392089844,441.75872802734375,48.66550827026367,249.03067016601562,488.3426818847656
2021-10-26,202.46575927734375,445.8466796875,48.889991760253906,251.49951171875,494.7328186035156
2021-10-27,199.1312713623047,443.4039001464844,48.85008239746094,250.1040802001953,490.9386901855469
2021-10-28,198.95155334472656,439.11639404296875,49.46870040893555,248.38661193847656,487.7436828613281
2021-10-29,201.91665649414062,440.21319580078125,50.107261657714844,237.3304901123047,494.1336975097656
2021-11-01,200.5189666748047,445.1986083984375,50.99525833129883,240.98013305664062,505.016845703125
2021-11-02,198.1328887939453,443.25421142578125,50.915435791015625,239.7993927001953,465.3783264160156
2021-11-03,199.19114685058594,443.2044677734375,50.38663101196289,241.409423828125,460.7854309082031
2021-11-04,191.18435668945312,432.2364807128906,48.14168167114258,227.88453674316406,446.707275390625
2021-11-05,192.06292724609375,435.9756164550781,48.99475860595703,232.71490478515625,457.7900695800781
2021-11-08,192.12281799316406,432.8846435546875,49.04963302612305,233.3589324951172,451.20025634765625
2021-11-09,189.68685913085938,428.4476318359375,48.27139663696289,229.70936584472656,447.7057189941406
2021-11-10,192.44229125976562,430.04290771484375,49.16936492919922,231.1047821044922,451.0006408691406
2021-11-11,196.27597045898438,432.2864074707031,49.768028259277344,236.68650817871094,457.1909484863281
2021-11-12,194.9781036376953,432.9344482421875,49.11948013305664,234.7543182373047,460.8852844238281
2021-11-15,195.6769561767578,435.42730712890625,49.518577575683594,235.72047424316406,473.76531982421875
2021-11-16,195.4573211669922,438.71746826171875,49.85781478881836,239.7993927001953,467.57489013671875
2021-11-17,195.37745666503906,438.3187255859375,49.87278366088867,240.7654571533203,465.8775634765625
2021-11-18,195.01803588867188,437.7204284667969,49.77799987792969,239.26266479492188,460.2862243652344
2021-11-19,190.645263671875,430.4417724609375,48.94487380981445,236.7938690185547,450.8009033203125
2021-11-22,194.41905212402344,435.67645263671875,49.61835479736328,240.12135314941406,454.2955322265625
2021-11-23,193.46058654785156,441.65899658203125,49.723121643066406,238.72592163085938,454.99444580078125
2021-11-24,193.04132080078125,442.057861328125,49.40383529663086,239.7993927001953,451.5996398925781
2021-11-25,195.17779541015625,442.5064697265625,49.573463439941406,241.51678466796875,451.0006408691406
2021-11-26,181.360595703125,412.8431396484375,45.896724700927734,223.48355102539062,410.9627380371094
2021-11-29,182.9779052734375,415.23626708984375,46.69493865966797,225.84510803222656,413.55865478515625
2021-11-30,183.91636657714844,418.127685546875,46.69493865966797,228.2065887451172,415.55560302734375
2021-12-01,189.36734008789062,427.94903564453125,47.58293914794922,231.4268341064453,428.9348449707031
2021-12-02,186.93141174316406,430.342041015625,46.81965637207031,233.25157165527344,427.4371643066406
2021-12-03,186.3523712158203,428.4476318359375,46.37565231323242,232.71490478515625,425.24053955078125
2021-12-06,186.75169372558594,436.0254211425781,46.171112060546875,232.50021362304688,434.0269470214844
2021-12-07,186.4122314453125,442.2073059082031,47.378395080566406,238.4039764404297,438.2204284667969
2021-12-08,185.59359741210938,439.01666259765625,47.258670806884766,237.8672332763672,432.62908935546875
2021-12-09,182.5386199951172,439.166259765625,46.59016418457031,235.1837158203125,429.73358154296875
2021-12-10,182.19918823242188,437.3714599609375,46.23098373413086,231.85610961914062,424.14227294921875
2021-12-13,177.84640502929688,430.04290771484375,44.25043487548828,230.1387481689453,417.1531066894531
2021-12-14,179.783203125,433.4330139160156,45.08854675292969,234.21768188476562,419.5494384765625
2021-12-15,176.18911743164062,431.0400085449219,44.25542449951172,233.3589324951172,413.3589782714844
2021-12-16,181.83981323242188,446.9435729980469,46.305809020996094,240.0140380859375,429.4340515136719
2021-12-17,180.54193115234375,444.1517639160156,46.05636978149414,235.50576782226562,431.2312927246094
2021-12-20,178.30564880371094,440.51226806640625,45.357933044433594,233.25157165527344,425.440185546875
2021-12-21,183.956298828125,443.9024353027344,46.25093460083008,239.37001037597656,434.3265075683594
2021-12-22,185.53369140625,443.3041687011719,46.85457992553711,241.19482421875,432.62908935546875
2021-12-23,187.0911102294922,446.5945129394531,47.52805709838867,243.12692260742188,439.81793212890625
2021-12-24,187.13107299804688,446.3951416015625,47.333499908447266,242.91220092773438,440.6167297363281
2021-12-29,188.18931579589844,448.0901184082031,47.892242431640625,244.41502380371094,446.30792236328125
2021-12-30,187.75001525878906,447.29254150390625,48.23646926879883,242.6976318359375,446.507568359375
2021-12-31,186.69180297851562,447.34234619140625,47.692684173583984,242.26821899414062,447.7057189941406
2022-01-04,196.33587646484375,470.125732421875,49.797950744628906,252.14358520507812,462.08343505859375
2022-01-05,197.59378051757812,466.9350280761719,50.566226959228516,254.82708740234375,459.4874572753906
2022-01-06,200.11961364746094,476.8561096191406,51.88326644897461,261.48223876953125,476.56097412109375
2022-01-07,204.91172790527344,480.8943176269531,52.72137451171875,264.59515380859375,486.2459716796875
2022-01-10,207.55734252929688,490.5660400390625,52.691444396972656,265.1318054199219,491.7374572753906
2022-01-11,206.65882873535156,493.5572509765625,52.77125549316406,263.629150390625,492.03692626953125
2022-01-12,211.450927734375,499.7391662597656,53.060611724853516,261.6969299316406,499.82489013671875
2022-01-13,216.7421875,511.50469970703125,53.848838806152344,266.41998291015625,510.6081848144531
2022-01-14,215.14479064941406,515.0943603515625,54.846595764160156,267.8153381347656,522.3899536132812
2022-01-17,214.44598388671875,517.4872436523438,55.00623321533203,272.001708984375,526.18408203125
2022-01-18,209.45420837402344,514.49609375,54.24794006347656,269.74749755859375,514.60205078125
2022-01-19,206.60891723632812,511.0061950683594,53.759037017822266,267.9225769042969,513.4038696289062
2022-01-20,205.21119689941406,508.8125915527344,52.86105728149414,262.0189514160156,511.0075988769531
2022-01-21,198.91160583496094,503.92694091796875,51.633827209472656,257.6179504394531,510.408447265625
2022-01-24,190.04627990722656,490.71551513671875,49.15938949584961,246.77658081054688,487.14453125
2022-01-25,196.3758087158203,507.915283203125,50.79570770263672,255.2564697265625,511.4069519042969
2022-01-26,201.8667449951172,521.1765747070312,51.91318893432617,262.1262512207031,523.1886596679688
2022-01-27,203.2145233154297,536.7310180664062,52.13269805908203,263.8436279296875,545.3544311523438
2022-01-28,196.5555419921875,526.7601318359375,51.08505630493164,260.3014831542969,533.3728637695312
2022-01-31,196.89495849609375,526.062255859375,50.935394287109375,260.1941833496094,535.9689331054688
2022-02-01,200.76853942871094,541.9159545898438,52.27238464355469,264.59515380859375,544.5555419921875
2022-02-02,202.71531677246094,544.8074951171875,52.7413330078125,271.0355529785156,551.145263671875
2022-02-03,204.113037109375,544.7077026367188,53.18033981323242,271.14288330078125,553.9409790039062
2022-02-04,200.26939392089844,543.4114990234375,51.2646598815918,264.0583801269531,554.1406860351562
2022-02-07,204.662109375,555.2769165039062,52.4719352722168,265.3464660644531,567.5199584960938
2022-02-08,205.86013793945312,561.8575439453125,52.382137298583984,266.95660400390625,570.5152587890625
2022-02-09,207.6571807861328,559.1654663085938,52.97080993652344,270.1768493652344,562.1282958984375
2022-02-10,208.30609130859375,560.0628662109375,53.280120849609375,272.1089172363281,565.1236572265625
2022-02-11,205.76031494140625,565.5468139648438,53.838863372802734,271.572265625,557.1359252929688
2022-02-14,195.2376708984375,556.572998046875,51.59390640258789,260.4088439941406,549.3480834960938
2022-02-15,198.1328887939453,553.1830444335938,52.51184844970703,264.38037109375,551.145263671875
2022-02-16,195.6769561767578,546.701904296875,51.81341552734375,261.2675476074219,547.7505493164062
2022-02-17,192.32249450683594,538.5258178710938,51.17485809326172,257.9400634765625,557.1359252929688
2022-02-18,190.8449249267578,542.8133544921875,51.105010986328125,251.7141876220703,578.30322265625
2022-02-21,191.12445068359375,545.206298828125,50.80567932128906,254.82708740234375,571.1143798828125
2022-02-22,189.84658813476562,545.4057006835938,51.1948127746582,256.3299255371094,579.9006958007812
2022-02-23,195.656982421875,546.2033081054688,52.08281326293945,256.5445861816406,574.1096801757812
2022-02-24,179.10430908203125,512.2026977539062,46.44050598144531,242.48294067382812,514.0833740234375
2022-02-25,188.5886688232422,536.4319458007812,49.5684700012207,253.0023193359375,558.8209838867188
2022-02-28,182.57858276367188,513.1000366210938,48.32626724243164,246.56185913085938,532.0582885742188
2022-03-01,172.9344940185547,493.95611572265625,45.677215576171875,232.39283752441406,507.49261474609375
2022-03-02,176.6683349609375,506.3199462890625,45.97156524658203,236.14976501464844,524.4688720703125
2022-03-03,168.69970703125,494.0060119628906,45.053627014160156,230.5680694580078,497.3067932128906
2022-03-04,156.5769500732422,466.2869567871094,42.93339920043945,217.3651580810547,468.546875
2022-03-07,151.404296875,464.69158935546875,41.15739822387695,207.00680541992188,449.77301025390625
2022-03-08,152.04342651367188,468.9790954589844,41.86579132080078,211.94439697265625,463.0545654296875
2022-03-09,161.56985473632812,487.5747375488281,45.27812194824219,224.77157592773438,492.41357421875
2022-03-10,157.5555419921875,474.2480773925781,44.48989486694336,220.47796630859375,488.9184875488281
2022-03-11,160.870849609375,478.38714599609375,45.36293411254883,223.5908660888672,486.9212646484375
2022-03-14,169.7581787109375,488.21124267578125,47.62783432006836,233.78829956054688,490.4164123535156
2022-03-15,167.92080688476562,478.38714599609375,47.288597106933594,231.1047821044922,470.8436279296875
2022-03-16,174.9108428955078,493.0484619140625,48.49587631225586,237.65252685546875,499.5037536621094
2022-03-17,171.47572326660156,499.28204345703125,47.892242431640625,228.39126586914062,500.3026123046875
2022-03-18,170.3373565673828,499.6809387207031,49.02968215942383,230.00193786621094,505.6950988769531
2022-03-21,168.26031494140625,499.4815368652344,48.52082443237305,231.71990966796875,505.29559326171875
2022-03-22,172.61410522460938,515.239990234375,50.12721633911133,238.91419982910156,518.4772338867188
2022-03-23,169.7581787109375,508.35797119140625,49.39885330200195,236.55194091796875,511.2872619628906
2022-03-24,168.10052490234375,516.2371826171875,49.383888244628906,240.73965454101562,501.900390625
2022-03-25,167.06202697753906,515.4393310546875,48.640560150146484,236.76670837402344,503.8975830078125
2022-03-28,160.251708984375,517.3344116210938,48.67048263549805,236.01499938964844,501.30120849609375
2022-03-29,156.21746826171875,525.6123657226562,49.887752532958984,241.5986328125,512.4855346679688
2022-03-30,151.22459411621094,525.2135620117188,48.0119743347168,235.4781951904297,509.2900695800781
2022-03-31,148.08905029296875,524.0167236328125,46.94935989379883,231.8273162841797,509.4897766113281
2022-04-01,146.83082580566406,527.5076293945312,47.28361511230469,233.97491455078125,509.09033203125
2022-04-04,146.09190368652344,523.717529296875,46.78473663330078,231.07571411132812,500.5023498535156
2022-04-05,146.79087829589844,526.3106689453125,46.20104217529297,229.35763549804688,498.9045104980469
2022-04-06,143.13609313964844,522.8198852539062,45.083560943603516,226.24366760253906,496.9073486328125
2022-04-07,140.38003540039062,520.0272827148438,44.24849319458008,228.06912231445312,493.7117919921875
2022-04-08,144.394287109375,528.6046142578125,44.49800491333008,232.36422729492188,508.49114990234375
2022-04-11,144.73382568359375,531.8958129882812,44.992034912109375,235.15603637695312,513.8836059570312
2022-04-12,143.0562286376953,517.9327392578125,44.033912658691406,231.93470764160156,500.7020568847656
2022-04-13,144.05477905273438,516.835693359375,44.053871154785156,233.43800354003906,501.7006530761719
2022-04-14,145.65249633789062,521.024658203125,44.89223861694336,235.15603637695312,507.6922607421875
2022-04-19,145.49273681640625,524.2162475585938,45.281471252441406,236.65933227539062,507.6922607421875
2022-04-20,148.66822814941406,536.5835571289062,46.239601135253906,242.56509399414062,513.8836059570312
2022-04-21,149.84654235839844,535.4865112304688,46.83344268798828,243.1019287109375,523.47021484375
2022-04-22,146.49131774902344,521.9222412109375,46.0200309753418,239.1289825439453,514.6826171875
2022-04-25,143.9748992919922,500.2794189453125,45.31142044067383,234.2970733642578,496.6076965332031
2022-04-26,142.77659606933594,472.60247802734375,45.79547119140625,236.55194091796875,481.728515625
2022-04-27,141.71812438964844,485.01959228515625,45.680694580078125,238.0552215576172,479.0322570800781
2022-04-28,146.09190368652344,492.749267578125,46.21963882446289,239.34375,546.8377075195312
2022-04-29,147.9891815185547,499.98016357421875,45.79047775268555,234.08226013183594,551.0318603515625
2022-05-03,150.78521728515625,511.4498596191406,46.08989334106445,238.0552215576172,565.212158203125
2022-05-04,150.3458251953125,514.0431518554688,45.5609245300293,236.22979736328125,568.0082397460938
2022-05-05,149.6068878173828,506.6625061035156,43.93910217285156,225.70687866210938,564.2135009765625
2022-05-06,148.42855834960938,500.6783142089844,43.28537368774414,224.95518493652344,559.220458984375
2022-05-09,145.77232360839844,491.4028625488281,42.26237487792969,219.15676879882812,546.2385864257812
2022-05-10,143.4356689453125,494.3949279785156,42.506893157958984,218.61997985839844,553.62841796875
2022-05-11,147.09048461914062,498.1351318359375,43.0308723449707,220.6600799560547,570.6046752929688
2022-05-12,145.732421875,482.1272888183594,42.87617111206055,223.02244567871094,564.2135009765625
2022-05-13,150.14610290527344,500.07989501953125,43.78939437866211,225.4921112060547,580.5906982421875
2022-05-16,151.4842071533203,497.2373352050781,43.57979965209961,225.5994873046875,586.781982421875
2022-05-17,155.6383056640625,501.0772705078125,43.71453857421875,228.49867248535156,590.9762573242188
2022-05-18,154.9792022705078,494.19549560546875,43.71453857421875,227.21014404296875,595.56982421875
2022-05-19,153.0619659423828,484.62066650390625,43.34526062011719,224.52572631835938,589.7777709960938
2022-05-20,152.50274658203125,489.4578857421875,43.51492691040039,225.8142547607422,585.7833862304688
2022-05-23,157.51560974121094,499.6809387207031,44.41816329956055,233.008544921875,601.1620483398438
2022-05-24,162.54843139648438,517.5338745117188,43.92411804199219,232.47158813476562,614.7430419921875
2022-05-25,163.6468963623047,519.9276123046875,44.203582763671875,235.26341247558594,616.7402954101562
2022-05-26,167.4414520263672,523.9169921875,45.24654006958008,239.9880828857422,622.9315795898438
2022-05-27,170.13763427734375,530.9983520507812,45.146732330322266,243.9609832763672,626.127197265625
2022-05-30,170.97642517089844,527.2081298828125,45.05192184448242,245.7863311767578,625.727783203125
2022-05-31,168.8195037841797,531.5967407226562,44.802406311035156,245.0347442626953,628.9232788085938
2022-06-01,167.56129455566406,528.20556640625,45.03694534301758,243.42404174804688,631.9190673828125
2022-06-06,171.11624145507812,532.095458984375,45.506038665771484,247.3970184326172,625.727783203125
2022-06-07,168.75961303710938,527.906494140625,45.501041412353516,244.82000732421875,621.7332153320312
2022-06-08,168.32022094726562,518.8303833007812,45.84537124633789,246.8601837158203,611.9468994140625
2022-06-09,165.68397521972656,510.4525146484375,44.70261001586914,245.1421356201172,595.96923828125
2022-06-10,159.5726776123047,497.7859802246094,43.61473846435547,237.94784545898438,580.9901733398438
2022-06-13,155.8579864501953,501.5760498046875,42.74143981933594,235.15603637695312,578.593505859375
2022-06-14,156.53701782226562,519.030029296875,43.28537368774414,237.73306274414062,598.7652587890625
2022-06-15,160.53131103515625,529.2030639648438,43.97901916503906,242.77987670898438,609.9497680664062
2022-06-16,153.42144775390625,510.2530822753906,42.15758514404297,231.18309020996094,592.374267578125
2022-06-17,155.6981964111328,507.3607177734375,42.17753601074219,232.57899475097656,582.3880615234375
2022-06-20,159.89222717285156,536.0848388671875,43.65964126586914,236.98147583007812,603.1593017578125
2022-06-21,160.19180297851562,537.3814697265625,43.3602294921875,237.62570190429688,614.5433349609375
2022-06-22,161.11048889160156,532.195068359375,43.75445556640625,244.82000732421875,590.5767822265625
2022-06-23,153.86082458496094,525.2135620117188,42.22744369506836,235.26341247558594,575.59765625
2022-06-24,158.71388244628906,535.8853149414062,43.310325622558594,237.8404541015625,588.5795288085938
2022-06-27,158.41433715820312,537.1820068359375,43.22549057006836,237.73306274414062,604.956787109375
2022-06-28,159.79237365722656,544.3630981445312,43.35024642944336,240.41749572753906,619.736083984375
2022-06-29,156.53701782226562,550.646484375,42.92607879638672,237.51829528808594,637.7110595703125
2022-06-30,152.9021759033203,534.1898803710938,42.22744369506836,234.40444946289062,617.7388916015625
2022-07-01,152.98208618164062,532.9930419921875,42.327247619628906,234.2970733642578,612.1466674804688
2022-07-04,155.29876708984375,538.2791137695312,42.581748962402344,238.3773651123047,622.7318115234375
2022-07-05,147.27023315429688,521.7227783203125,41.27430725097656,228.60604858398438,591.1759643554688
2022-07-06,146.65109252929688,517.3344116210938,41.214420318603516,226.78060913085938,577.3952026367188
2022-07-07,150.80519104003906,534.1898803710938,42.21247100830078,234.40444946289062,596.1688842773438
2022-07-08,151.7438507080078,524.4157104492188,42.11765670776367,234.94125366210938,578.593505859375
2022-07-11,150.78521728515625,526.3106689453125,41.93301773071289,235.04864501953125,584.3853759765625
2022-07-12,151.92359924316406,528.4051513671875,42.33723449707031,236.12242126464844,578.9929809570312
2022-07-13,149.00775146484375,525.81201171875,41.833213806152344,231.8273162841797,576.1967163085938
2022-07-14,145.3329620361328,511.0510559082031,40.93996047973633,226.24366760253906,543.2427978515625
2022-07-15,150.08619689941406,512.546875,41.8182487487793,232.47158813476562,553.62841796875
2022-07-18,154.0006103515625,518.4313354492188,42.696529388427734,237.30352783203125,565.212158203125
2022-07-19,157.9949493408203,522.0220336914062,43.984012603759766,244.82000732421875,582.9873046875
2022-07-20,157.41574096679688,516.4367065429688,43.36521530151367,242.24293518066406,583.9859619140625
2022-07-21,158.73388671875,522.0220336914062,43.245452880859375,243.8535919189453,586.382568359375
2022-07-22,157.61544799804688,513.8436889648438,43.14564895629883,241.70603942871094,572.0027465820312
2022-07-25,160.4913787841797,525.11376953125,43.72452163696289,247.18222045898438,590.1773681640625
2022-07-26,156.6568603515625,523.1192016601562,43.4450569152832,246.32325744628906,578.593505859375
2022-07-27,157.4357452392578,522.8198852539062,45.231571197509766,250.72573852539062,586.182861328125
2022-07-28,150.12612915039062,512.0482788085938,44.338314056396484,246.96755981445312,566.0110473632812
2022-07-29,156.95639038085938,512.34765625,45.15671157836914,266.93963623046875,563.4146118164062
2022-08-01,159.5726776123047,543.7645874023438,44.96709060668945,270.26837158203125,567.4090576171875
2022-08-02,159.79237365722656,532.9930419921875,45.31142044067383,269.7314453125,582.1884765625
2022-08-03,163.08766174316406,541.9692993164062,45.740577697753906,268.6577453613281,596.76806640625
2022-08-04,162.2488555908203,539.376220703125,45.019859313964844,268.4429931640625,601.7611694335938
2022-08-05,163.76670837402344,540.4732666015625,44.83019256591797,271.879150390625,607.1536254882812
2022-08-08,165.7638702392578,544.0637817382812,45.159610748291016,272.8454284667969,606.3547973632812
2022-08-09,165.6240692138672,552.0426025390625,44.9150390625,273.1675720214844,611.3477783203125
2022-08-10,169.51852416992188,543.5651245117188,45.38920211791992,276.17413330078125,602.3602905273438
2022-08-11,168.76197814941406,547.4547729492188,45.52396011352539,275.52984619140625,598.6053466796875
2022-08-12,171.37864685058594,549.0507202148438,45.57387161254883,281.00604248046875,605.3963012695312
2022-08-15,171.33865356445312,545.5598754882812,45.78350830078125,279.9323425292969,596.8076782226562
2022-08-16,170.28004455566406,548.3524780273438,45.648738861083984,280.2544860839844,602.2005615234375
2022-08-17,168.46240234375,543.6648559570312,45.70363998413086,282.18719482421875,592.2138061523438
2022-08-18,168.28262329101562,539.3544921875,45.633766174316406,282.61676025390625,594.6106567382812
2022-08-19,165.06675720214844,535.464111328125,44.740352630615234,281.11346435546875,582.02734375
2022-08-22,162.86961364746094,536.8605346679688,44.43589782714844,278.751220703125,590.4161987304688
2022-08-23,163.38894653320312,529.977783203125,44.29115295410156,279.1806640625,591.8142700195312
2022-08-24,162.4102020263672,519.9029541015625,44.04160690307617,275.74462890625,584.024658203125
2022-08-25,163.94821166992188,521.1997680664062,44.241241455078125,271.5939025878906,591.2151489257812
2022-08-26,161.890869140625,521.6984252929688,43.592403411865234,269.446044921875,588.818359375
2022-08-30,164.48751831054688,528.1823120117188,43.67225646972656,248.4597625732422,593.2125854492188
2022-08-31,164.28778076171875,527.484130859375,43.80202865600586,245.91529846191406,597.4069213867188
2022-09-01,161.19178771972656,519.5039672851562,42.624122619628906,242.3730010986328,582.6265869140625
2022-09-02,168.4224395751953,533.5687866210938,43.6373176574707,251.05413818359375,601.8010864257812
2022-09-05,166.28518676757812,535.464111328125,43.3727912902832,249.8567352294922,599.2045288085938
2022-09-06,167.66343688964844,532.3718872070312,45.14962387084961,254.44674682617188,601.8010864257812
2022-09-07,163.88829040527344,521.6984252929688,44.595611572265625,252.8502197265625,576.0352172851562
2022-09-08,166.04550170898438,524.1923217773438,45.14962387084961,253.84803771972656,592.0140380859375
2022-09-09,168.62217712402344,523.6935424804688,45.89829635620117,260.2341613769531,613.3857421875
2022-09-12,173.73558044433594,534.6661376953125,46.876556396484375,268.9152526855469,626.3684692382812
2022-09-13,171.7181854248047,528.281982421875,46.38243103027344,269.1148681640625,611.3883666992188
2022-09-14,169.68080139160156,517.6087646484375,46.12788009643555,269.1148681640625,611.588134765625
2022-09-15,172.0177764892578,528.3818969726562,47.535377502441406,273.6051025390625,608.392333984375
2022-09-16,170.91920471191406,528.281982421875,47.720054626464844,272.30792236328125,601.4015502929688
2022-09-20,170.69949340820312,532.7708129882812,48.91292190551758,268.7156982421875,602.0007934570312
2022-09-21,167.58351135253906,523.59375,48.37887954711914,263.5270080566406,597.806396484375
2022-09-22,166.04550170898438,513.7183227539062,47.874778747558594,257.44024658203125,597.2072143554688
2022-09-23,161.6511688232422,508.73077392578125,46.142860412597656,241.8740997314453,576.834228515625
2022-09-26,157.3936767578125,498.3567199707031,44.61957550048828,233.19297790527344,575.1015625
2022-09-27,155.63894653320312,494.4664306640625,43.21307373046875,231.69622802734375,586.2218017578125
2022-09-28,150.88510131835938,482.2469482421875,41.78062057495117,226.10836791992188,565.4493408203125
2022-09-29,144.473388671875,465.837890625,40.64265060424805,220.6203155517578,556.0618286132812
2022-09-30,144.1138458251953,466.1370544433594,41.31644821166992,225.40989685058594,566.0484619140625
2022-10-03,144.89283752441406,460.2518310546875,41.70575714111328,226.50750732421875,563.6517944335938
2022-10-04,150.5455322265625,480.7506408691406,43.043373107910156,231.79600524902344,587.220458984375
2022-10-05,147.42955017089844,471.2243957519531,42.77884292602539,228.4033660888672,581.8275756835938
2022-10-06,144.61317443847656,470.1271057128906,42.45442581176758,229.1018524169922,572.8394775390625
2022-10-07,143.29490661621094,465.837890625,42.604156494140625,229.00205993652344,576.2349853515625
2022-10-10,143.0552215576172,461.598388671875,42.115028381347656,227.10621643066406,569.0445556640625
2022-10-11,139.9791717529297,453.3689270019531,41.4212646484375,221.11923217773438,546.8740234375
2022-10-12,135.5049285888672,447.9325256347656,39.02054214477539,211.93917846679688,537.8858642578125
2022-10-13,142.3560791015625,458.1070861816406,41.69577407836914,228.20384216308594,550.6690063476562
2022-10-14,142.63575744628906,457.6581726074219,42.374568939208984,227.50534057617188,540.8818969726562
2022-10-17,145.21240234375,470.07720947265625,42.594173431396484,232.79383850097656,554.6636962890625
2022-10-18,147.30970764160156,464.5909423828125,42.52928924560547,236.18646240234375,557.6597290039062
2022-10-19,144.1138458251953,472.8204040527344,40.53783416748047,230.59861755371094,559.457275390625
2022-10-20,145.15249633789062,471.7231140136719,41.97028350830078,234.49014282226562,558.2589721679688
2022-10-21,144.85287475585938,476.66082763671875,41.311458587646484,234.58995056152344,566.248291015625
2022-10-24,148.74786376953125,473.91766357421875,42.46440887451172,239.97821044921875,560.8554077148438
2022-10-25,150.02621459960938,441.5484313964844,42.89863586425781,243.86973571777344,553.6650390625
2022-10-26,149.62672424316406,442.84521484375,42.47438430786133,244.0693359375,525.3026123046875
2022-10-27,150.06614685058594,449.0297546386719,42.7039794921875,247.16259765625,535.0896606445312
2022-10-28,146.25106811523438,441.09954833984375,41.19666290283203,224.41204833984375,518.9111328125
2022-10-31,147.56936645507812,446.18682861328125,41.945335388183594,234.2905731201172,519.5103149414062
2022-11-01,150.1460418701172,457.4088439941406,42.1300048828125,237.98255920410156,527.499755859375
2022-11-02,149.90635681152344,455.6631774902344,41.700767517089844,235.2884063720703,525.9017944335938
2022-11-03,149.3271026611328,461.9974060058594,42.15495681762695,231.29708862304688,532.69287109375
2022-11-04,153.3219451904297,488.7806091308594,42.674034118652344,237.48362731933594,553.8646850585938
2022-11-07,152.40313720703125,478.2070007324219,41.94034194946289,237.8827667236328,557.26025390625
2022-11-08,153.98109436035156,477.4588623046875,42.773860931396484,239.2797393798828,561.2548828125
2022-11-09,154.20079040527344,475.5137023925781,42.48936462402344,236.48580932617188,562.653076171875
2022-11-10,156.7974395751953,472.97003173828125,43.223060607910156,239.4792938232422,562.0538330078125
2022-11-11,158.01588439941406,469.0298156738281,43.43767547607422,249.05848693847656,564.85009765625
2022-11-14,157.41664123535156,479.104736328125,43.52751541137695,248.7591552734375,576.4347534179688
2022-11-15,157.0171661376953,478.805419921875,43.6373176574707,249.95651245117188,576.0352172851562
2022-11-16,154.20079040527344,474.3166809082031,43.05336380004883,246.3643341064453,572.8394775390625
2022-11-17,156.4578857421875,480.0025329589844,44.341068267822266,252.45106506347656,584.024658203125
2022-11-18,158.01588439941406,477.7082214355469,45.39419174194336,257.5400390625,580.8289184570312
2022-11-21,157.73623657226562,482.2967529296875,45.43412399291992,255.0454559326172,579.6305541992188
2022-11-22,157.71624755859375,485.6384582519531,45.48902130126953,254.04762268066406,584.8236083984375
2022-11-23,158.0758056640625,487.9826354980469,45.4041748046875,253.748291015625,586.2218017578125
2022-11-24,159.21432495117188,488.2818908691406,45.858367919921875,258.13873291015625,588.6185913085938
2022-11-25,158.8547821044922,490.7257385253906,46.22771072387695,255.444580078125,589.2177734375
2022-11-28,157.97592163085938,487.38409423828125,45.733585357666016,254.04762268066406,579.03125
2022-11-29,160.79229736328125,509.03009033203125,46.24268341064453,259.934814453125,608.1925659179688
2022-11-30,161.03199768066406,508.4315490722656,46.82164764404297,261.331787109375,616.5814819335938
2022-12-01,158.0758056640625,496.6609802246094,46.043033599853516,256.8415832519531,594.0114135742188
2022-12-02,156.61769104003906,497.2594299316406,46.56710433959961,261.331787109375,591.8142700195312
2022-12-05,156.078369140625,498.7557373046875,46.2925910949707,259.33612060546875,591.4148559570312
2022-12-06,158.55517578125,497.4090881347656,46.342506408691406,260.0346374511719,591.015380859375
2022-12-07,157.2368927001953,492.62103271484375,46.1528434753418,257.7395324707031,583.4254760742188
2022-12-08,156.59771728515625,494.06744384765625,45.81843948364258,258.4380798339844,590.615966796875
2022-12-09,159.2742462158203,494.9652404785156,46.35747528076172,263.1278991699219,598.205810546875
2022-12-12,157.9359893798828,495.11480712890625,45.693660736083984,259.7352294921875,602.2005615234375
2022-12-13,161.57130432128906,498.8554992675781,46.287601470947266,262.9283142089844,607.1939086914062
2022-12-14,160.05323791503906,496.4614562988281,46.0729866027832,263.8263244628906,605.7958374023438
2022-12-15,154.999755859375,491.4239807128906,45.384212493896484,257.93914794921875,603.7984008789062
2022-12-16,154.22076416015625,491.02496337890625,45.09971618652344,258.4380798339844,615.9822387695312
2022-12-19,155.1795654296875,494.516357421875,44.920040130615234,258.7373962402344,616.3817138671875
2022-12-20,155.53907775878906,501.54876708984375,45.43911361694336,261.6311340332031,620.3764038085938
2022-12-21,157.87608337402344,510.027587890625,46.16282272338867,264.6246643066406,624.9702758789062
2022-12-22,156.93728637695312,511.02508544921875,46.0180778503418,264.02593994140625,624.1714477539062
2022-12-23,157.53648376464844,509.03009033203125,45.948204040527344,263.9261779785156,624.1714477539062
2022-12-28,158.675048828125,516.7109985351562,46.157833099365234,266.91961669921875,628.3658447265625
2022-12-29,159.1344451904297,517.5089111328125,46.142860412597656,267.3187561035156,628.9649658203125
2022-12-30,158.3154754638672,514.416748046875,45.329307556152344,264.6246643066406,621.5748901367188
2023-01-03,163.38894653320312,528.5814208984375,47.0462532043457,270.5118408203125,639.3512573242188
2023-01-04,167.86317443847656,542.1473999023438,47.36069107055664,274.0042724609375,659.5244140625
2023-01-05,172.19754028320312,563.8932495117188,48.2291374206543,278.8936462402344,704.2650146484375
2023-01-06,171.8779754638672,567.1849975585938,47.919700622558594,279.2927551269531,696.8748779296875
2023-01-09,172.3972930908203,561.7984619140625,48.16426086425781,277.197265625,684.4913330078125
2023-01-10,171.37864685058594,562.6961669921875,47.94964599609375,274.8025207519531,686.8881225585938
2023-01-11,173.31610107421875,568.1825561523438,47.98957443237305,279.4923095703125,686.4886474609375
2023-01-12,176.8515625,580.3522338867188,48.66337585449219,286.8762512207031,698.4727783203125
2023-01-13,180.50682067871094,589.7288208007812,49.52684020996094,294.3599853515625,707.0614013671875
2023-01-16,182.26454162597656,594.6165771484375,49.661598205566406,295.856689453125,700.8695068359375
2023-01-17,180.7065887451172,589.7288208007812,49.41203689575195,298.052001953125,700.6697998046875
2023-01-18,181.8650665283203,589.22998046875,49.377098083496094,298.15167236328125,700.6697998046875
2023-01-19,177.15115356445312,584.0430297851562,48.71827697753906,292.1647033691406,694.4780883789062
2023-01-20,178.18980407714844,591.1253051757812,49.187442779541016,294.8589172363281,699.0719604492188
2023-01-23,179.64794921875,590.6265258789062,49.721492767333984,296.1560363769531,702.8668823242188
2023-01-24,179.52809143066406,593.31982421875,50.04092025756836,298.052001953125,711.4554443359375
2023-01-25,181.48556518554688,597.0105590820312,50.859466552734375,301.3447570800781,701.0693359375
2023-01-26,184.80126953125,602.3971557617188,52.406707763671875,304.23846435546875,718.4462280273438
2023-01-27,185.54031372070312,599.0056762695312,52.496551513671875,307.8306884765625,711.6552124023438
2023-01-30,186.41920471191406,600.5018310546875,52.8858528137207,307.93048095703125,687.0878295898438
2023-01-31,185.60025024414062,594.9158935546875,52.486572265625,307.3317565917969,678.299560546875
2023-02-01,186.23941040039062,599.8037109375,52.8858528137207,307.73089599609375,686.4886474609375
2023-02-02,188.1569366455078,589.529296875,53.39494705200195,309.2276306152344,668.7122802734375
2023-02-03,188.39663696289062,595.215087890625,53.23523712158203,305.5356750488281,675.103759765625
2023-02-06,186.29933166503906,594.5167846679688,52.73612594604492,299.5486755371094,670.5099487304688
2023-02-07,188.59637451171875,603.4943237304688,53.35502243041992,303.3404541015625,681.6950073242188
2023-02-08,189.47525024414062,610.8760986328125,53.55467224121094,304.6376037597656,687.8867797851562
2023-02-09,189.3553924560547,614.267578125,53.87409973144531,305.7352600097656,766.5822143554688
2023-02-10,185.48040771484375,609.0804443359375,53.19530487060547,303.8393249511719,728.4329833984375
2023-02-13,186.0796661376953,612.1727294921875,52.9756965637207,303.140869140625,728.8323974609375
2023-02-14,187.07835388183594,607.6840209960938,53.69441604614258,304.3382873535156,720.6433715820312
2023-02-15,172.37733459472656,610.7763061523438,52.28692626953125,300.1473083496094,728.2332763671875
2023-02-16,174.43467712402344,616.861083984375,52.84592819213867,304.9369812011719,758.1935424804688
2023-02-17,173.2761688232422,619.5543212890625,50.81953430175781,283.9825744628906,764.185546875
2023-02-20,175.65309143066406,619.1553344726562,51.44841384887695,282.7851257324219,767.5809936523438
2023-02-21,171.1988525390625,645.888671875,50.87942886352539,278.993408203125,770.7767944335938
2023-02-22,172.59703063964844,634.51708984375,51.16891098022461,282.98468017578125,762.7872924804688
2023-02-23,172.42723083496094,628.531982421875,51.90760040283203,284.3816833496094,762.1281127929688
2023-02-24,170.4092254638672,634.117919921875,51.56820297241211,280.8892822265625,770.3187866210938
2023-02-27,172.46717834472656,630.2276000976562,51.69797134399414,287.47491455078125,786.699951171875
2023-02-28,174.46517944335938,634.018310546875,52.5264892578125,291.6658020019531,783.303955078125
2023-03-01,174.24537658691406,638.7066040039062,51.86766815185547,293.06280517578125,788.8975219726562
2023-03-02,171.58804321289062,617.638427734375,51.2487678527832,291.8653869628906,786.8997802734375
2023-03-03,171.30833435058594,616.93994140625,51.69797134399414,293.5617370605469,788.0983276367188
2023-03-06,172.16748046875,616.441162109375,51.67800521850586,290.6679992675781,789.8963623046875
2023-03-07,168.75088500976562,622.9268188476562,51.258750915527344,287.7742919921875,786.1007080078125
2023-03-08,168.7109375,629.3126831054688,51.508304595947266,291.366455078125,786.5001831054688
2023-03-09,163.2563934326172,619.7337036132812,51.368553161621094,292.6636657714844,774.1143798828125
2023-03-10,157.26242065429688,591.2965087890625,49.686553955078125,285.3795166015625,738.9546508789062
2023-03-13,147.33236694335938,566.8504028320312,47.14107894897461,271.60943603515625,688.0128784179688
2023-03-14,151.90777587890625,575.730712890625,48.149288177490234,276.99774169921875,696.0037841796875
2023-03-15,138.10159301757812,547.1937255859375,45.93323516845703,261.2319641113281,642.465087890625
2023-03-16,142.2374725341797,556.8723754882812,47.38065719604492,261.1322021484375,649.65673828125
2023-03-17,139.4202880859375,540.9075927734375,46.16781997680664,257.53863525390625,633.2755126953125
2023-03-20,136.2235107421875,540.5084838867188,46.0230712890625,257.3389892578125,614.2971801757812
2023-03-21,142.99668884277344,552.7813720703125,48.07442092895508,271.9128112792969,642.8645629882812
2023-03-22,142.51719665527344,563.3580322265625,47.68012237548828,268.7185974121094,651.2549438476562
2023-03-23,139.6400604248047,546.9942016601562,46.766746520996094,267.62054443359375,631.6774291992188
2023-03-24,133.7659454345703,532.8253784179688,45.633766174316406,258.0377197265625,591.123779296875
2023-03-27,136.86285400390625,539.9097290039062,46.23768615722656,259.2355651855469,591.72314453125
2023-03-28,137.0426483154297,539.9097290039062,46.31755065917969,260.6330871582031,593.5210571289062
2023-03-29,141.87782287597656,552.7813720703125,47.041259765625,263.7275085449219,602.7105712890625
2023-03-30,144.67503356933594,554.0785522460938,47.685115814208984,264.92535400390625,614.0975341796875
2023-03-31,145.65403747558594,548.4909057617188,47.59027862548828,263.1286315917969,613.4981689453125
2023-04-03,148.111572265625,555.1762084960938,48.149288177490234,263.7275085449219,622.2880859375
2023-04-04,146.35333251953125,549.987548828125,48.01951599121094,262.5296325683594,612.4993286132812
2023-04-05,147.57212829589844,552.9810180664062,48.34394454956055,261.8309326171875,614.2971801757812
2023-04-06,151.46820068359375,561.6617431640625,48.932899475097656,266.0234069824219,617.2938232421875
2023-04-11,152.3872833251953,561.1629028320312,49.3421630859375,267.8201599121094,617.693359375
2023-04-12,152.90676879882812,560.3646850585938,49.7913703918457,270.1160888671875,616.294921875
2023-04-13,152.78689575195312,566.0520629882812,48.434349060058594,271.5135498046875,617.8931274414062
2023-04-14,157.72195434570312,583.0147094726562,48.86371994018555,275.3067626953125,645.2618408203125
2023-04-17,154.12554931640625,576.828369140625,48.37942886352539,270.8148498535156,641.2664184570312
2023-04-18,154.80487060546875,573.3361206054688,48.75387954711914,272.9110412597656,649.8565673828125
2023-04-19,155.24441528320312,572.1387329101562,49.183250427246094,273.2105712890625,651.4547729492188
2023-04-20,154.30538940429688,573.8350219726562,48.93362045288086,273.0108947753906,643.8634643554688
2023-04-21,153.08660888671875,572.4381103515625,48.78882598876953,272.0127258300781,637.8703002929688
2023-04-24,154.04563903808594,572.0390625,48.83875274658203,273.70965576171875,631.6774291992188
2023-04-25,151.30838012695312,565.0543823242188,48.15974426269531,267.1214599609375,619.8908081054688
2023-04-26,153.7059783935547,570.4425659179688,48.529205322265625,271.9128112792969,633.2755126953125
2023-04-27,161.87779235839844,574.1343383789062,48.74888610839844,271.7132263183594,629.4799194335938
2023-04-28,159.71995544433594,572.537841796875,48.12978744506836,261.53143310546875,627.6819458007812
2023-05-02,154.78489685058594,592.5936889648438,47.61054992675781,257.2391357421875,609.9022216796875
2023-05-03,153.1065673828125,591.8952026367188,45.913021087646484,254.64381408691406,610.7013549804688
2023-05-04,148.0915985107422,582.7152709960938,45.28893280029297,251.9486083984375,597.7161865234375
2023-05-05,153.08660888671875,598.4805908203125,45.74326705932617,258.83624267578125,604.5084838867188
2023-05-09,153.42626953125,597.981689453125,46.062801361083984,261.3317565917969,603.9091186523438
2023-05-10,153.0666046142578,599.77783203125,46.10274887084961,260.13397216796875,613.0986328125
2023-05-11,153.3263397216797,592.37255859375,45.80817413330078,259.4352111816406,619.2915649414062
2023-05-12,153.7459259033203,598.4598999023438,45.49363708496094,260.8326721191406,615.4959106445312
2023-05-15,154.86480712890625,609.736572265625,46.20260238647461,264.42626953125,618.292724609375
2023-05-16,154.24542236328125,604.4475708007812,45.6334342956543,263.5278625488281,619.0917358398438
2023-05-17,155.80389404296875,601.7531127929688,46.22756576538086,265.923583984375,623.8861694335938
2023-05-18,157.9017791748047,611.6327514648438,46.44225311279297,267.4208984375,641.8656616210938
2023-05-19,159.2604217529297,609.5369873046875,46.651947021484375,267.9200134277344,633.2755126953125
2023-05-22,159.9197540283203,615.9237670898438,46.87162399291992,271.1142883300781,652.4536743164062
2023-05-23,163.27638244628906,616.5225219726562,47.52067565917969,273.5099792480469,658.4466552734375
2023-05-24,158.50115966796875,598.9589233398438,46.69688415527344,267.62054443359375,639.8679809570312
2023-05-25,156.8228759765625,605.1460571289062,45.763240814208984,267.8201599121094,643.0643310546875
2023-05-26,157.16253662109375,609.5369873046875,45.438720703125,267.0216064453125,648.657958984375
2023-05-30,155.64404296875,598.8590698242188,45.149131774902344,264.8255310058594,642.465087890625
2023-05-31,151.18850708007812,589.2789306640625,44.105655670166016,259.1357421875,632.8759765625
2023-06-01,152.46719360351562,592.5720825195312,44.599945068359375,262.9289245605469,640.8668212890625
2023-06-02,156.60305786132812,601.4536743164062,45.37879943847656,264.52606201171875,663.2412109375
2023-06-05,155.62405395507812,604.8466796875,44.66484451293945,258.0377197265625,658.0471801757812
2023-06-06,158.0416259765625,609.5369873046875,45.109195709228516,260.23382568359375,670.83251953125
2023-06-07,158.08160400390625,614.8260498046875,45.443702697753906,259.63482666015625,673.229736328125
2023-06-08,157.4422149658203,609.736572265625,45.26397705078125,260.5332336425781,666.6373901367188
2023-06-09,156.18348693847656,606.243896484375,45.19906234741211,260.5332336425781,660.0448608398438
2023-06-12,155.08457946777344,604.0481567382812,44.909481048583984,260.4334411621094,655.6499633789062
2023-06-13,156.60305786132812,608.3394165039062,45.22901916503906,263.82733154296875,660.2445678710938
2023-06-14,157.2823944091797,609.5369873046875,45.21903610229492,264.92535400390625,669.2344970703125
2023-06-15,153.6460418701172,608.1400146484375,44.889522552490234,255.7418212890625,678.22412109375
2023-06-16,153.78590393066406,610.5347900390625,44.97938537597656,254.64381408691406,674.428466796875
2023-06-19,153.306396484375,613.7283325195312,44.97439193725586,252.24807739257812,687.0139770507812
2023-06-20,154.16551208496094,613.927978515625,44.749717712402344,244.861328125,685.8153686523438
2023-06-21,151.30838012695312,616.82177734375,43.68128204345703,235.1786651611328,683.8176879882812
2023-06-22,146.81289672851562,605.445556640625,42.84749221801758,231.0860137939453,667.4364624023438
2023-06-23,145.07461547851562,600.9547729492188,42.25835418701172,228.7901153564453,656.2493286132812
2023-06-26,144.77491760253906,602.8507690429688,41.89887619018555,231.1858367919922,657.2481079101562
2023-06-27,146.17352294921875,609.0380249023438,42.43809509277344,230.48707580566406,670.2332763671875
2023-06-28,148.1914825439453,612.03173828125,42.5878791809082,233.58152770996094,667.8359985351562
2023-06-29,151.1685333251953,617.5203857421875,42.707698822021484,234.87921142578125,676.82568359375
2023-06-30,153.22645568847656,620.4144287109375,43.52650833129883,240.369384765625,682.2195434570312
2023-07-03,155.46420288085938,626.3021850585938,44.16057586669922,245.2606201171875,690.0106201171875
2023-07-04,152.40725708007812,623.408203125,43.81608200073242,241.4674072265625,691.0094604492188
2023-07-05,149.88978576660156,620.6140747070312,43.76615905761719,237.97366333007812,685.0162963867188
2023-07-06,146.5531463623047,609.1377563476562,43.2369270324707,232.2838592529297,667.2366943359375
2023-07-07,148.5711212158203,608.638916015625,43.032230377197266,232.18405151367188,672.8302001953125
2023-07-10,148.5711212158203,605.6449584960938,42.9822998046875,232.782958984375,667.6362915039062
2023-07-11,149.70999145507812,599.6575317382812,43.30682373046875,234.77938842773438,663.2412109375
2023-07-12,154.64503479003906,614.526611328125,44.46014404296875,243.1643829345703,681.8199462890625
2023-07-13,155.5441436767578,612.9298706054688,44.65985107421875,245.0609588623047,686.0151977539062
2023-07-14,154.9447479248047,611.8322143554688,44.295387268066406,242.56544494628906,684.4169921875
2023-07-17,155.90377807617188,616.622314453125,44.774688720703125,246.15899658203125,688.0128784179688
2023-07-18,159.220458984375,622.4102172851562,45.62344741821289,250.2516632080078,696.4033813476562
2023-07-19,164.1155548095703,627.4998168945312,46.62697982788086,260.0341491699219,705.193359375
2023-07-20,164.19546508789062,638.6765747070312,46.26750946044922,256.4405517578125,715.5813598632812
2023-07-21,163.09657287597656,640.6724853515625,45.7881965637207,250.95040893554688,718.1784057617188
2023-07-24,164.19546508789062,641.3709716796875,45.977928161621094,252.04843139648438,718.5780029296875
2023-07-25,163.35630798339844,642.9676513671875,46.027854919433594,250.75076293945312,717.5791625976562
2023-07-26,163.89576721191406,642.7681274414062,45.26397705078125,241.36758422851562,710.5870971679688
2023-07-27,155.24441528320312,640.9718627929688,44.984378814697266,239.47097778320312,708.58935546875
2023-07-28,155.58407592773438,645.4624633789062,45.05926513671875,245.0609588623047,736.757080078125
2023-07-31,154.80487060546875,644.963623046875,44.86955261230469,243.86309814453125,746.5460205078125
2023-08-01,151.26840209960938,653.5458374023438,44.27541732788086,237.7740020751953,743.5493774414062
2023-08-02,146.31338500976562,635.5831298828125,43.19697952270508,232.68313598632812,733.361083984375
2023-08-03,149.0106964111328,637.8782958984375,42.871585845947266,236.37652587890625,739.5540161132812
2023-08-04,150.58909606933594,635.0840454101562,43.086326599121094,236.9754638671875,740.7525024414062
2023-08-07,150.66900634765625,642.7681274414062,43.11628723144531,239.67062377929688,746.1463623046875
2023-08-08,146.93275451660156,633.28759765625,42.631893157958984,236.576171875,740.9523315429688
2023-08-09,148.75094604492188,634.6849975585938,42.726768493652344,237.97366333007812,752.1395263671875
2023-08-10,147.878662109375,630.7723388671875,42.946495056152344,235.13311767578125,756.7946166992188
2023-08-11,146.47979736328125,623.5863037109375,42.89656066894531,235.63232421875,754.1973266601562
2023-08-14,145.76039123535156,620.292724609375,42.78669357299805,234.73373413085938,750.6011962890625
2023-08-15,143.42230224609375,599.1339111328125,42.422149658203125,233.23605346679688,738.0145874023438
2023-08-16,144.881103515625,588.654296875,42.037628173828125,226.04727172851562,727.8253173828125
2023-08-17,145.30076599121094,591.2493286132812,42.36222457885742,227.24542236328125,731.421630859375
2023-08-18,144.1217498779297,582.765625,42.19243621826172,226.34681701660156,720.6331176757812
2023-08-21,143.54222106933594,582.1668090820312,42.037628173828125,223.55116271972656,718.6353149414062
2023-08-22,142.5830078125,579.4720458984375,41.67308044433594,221.5542755126953,714.2398681640625
2023-08-23,142.92271423339844,583.6639404296875,41.81790542602539,223.65103149414062,710.6437377929688
2023-08-24,144.42147827148438,587.9556274414062,42.077579498291016,225.24853515625,712.8413696289062
2023-08-25,143.8619384765625,586.6581420898438,41.74299621582031,225.44822692871094,710.6437377929688
2023-08-29,149.83705139160156,594.5428466796875,42.85161209106445,233.5355987548828,723.030517578125
2023-08-30,148.91778564453125,589.5525512695312,42.7717170715332,234.8335723876953,719.2345581054688
2023-08-31,147.23916625976562,581.9672241210938,42.302303314208984,230.04104614257812,710.8434448242188
2023-09-01,148.9377899169922,587.1570434570312,42.06260299682617,232.93653869628906,718.8350219726562
2023-09-04,150.6763458251953,584.6620483398438,41.92277145385742,232.63699340820312,708.6458740234375
2023-09-05,149.51730346679688,586.3587646484375,41.70804214477539,229.64166259765625,702.8519897460938
2023-09-06,149.09765625,584.1629638671875,41.4433708190918,227.54493713378906,701.6532592773438
2023-09-07,147.85865783691406,583.5642700195312,40.978946685791016,224.3499298095703,704.4503173828125
2023-09-08,148.1184539794922,583.2647705078125,41.2885627746582,223.7508544921875,704.849853515625
2023-09-11,149.777099609375,588.8539428710938,41.52826690673828,225.6479034423828,714.2398681640625
2023-09-12,153.45407104492188,596.1396484375,42.42714309692383,229.64166259765625,724.6287841796875
2023-09-13,157.111083984375,609.8131103515625,42.5469970703125,230.93963623046875,721.831787109375
2023-09-14,159.94874572753906,625.6822509765625,43.17620849609375,236.63076782226562,741.0113525390625
2023-09-15,161.32762145996094,628.0775146484375,43.1462516784668,236.2313995361328,742.4099731445312
2023-09-18,158.66981506347656,621.7896728515625,42.10254669189453,231.6385498046875,736.416259765625
2023-09-19,159.08944702148438,629.4747924804688,42.84662628173828,231.7384033203125,742.2101440429688
2023-09-20,159.44915771484375,632.1695556640625,44.50455856323242,241.02391052246094,748.6033325195312
2023-09-21,156.571533203125,634.8643188476562,44.36972427368164,239.32656860351562,752.5990600585938
2023-09-22,155.19265747070312,641.8506469726562,45.28358840942383,237.6291961669922,749.20263671875
2023-09-25,153.51402282714844,637.3594360351562,44.694313049316406,235.53248596191406,748.2037353515625
2023-09-26,159.549072265625,637.9583129882812,44.86909866333008,237.32968139648438,755.595947265625
2023-09-27,157.9903564453125,638.6569213867188,44.514549255371094,236.83045959472656,749.4024658203125
2023-09-28,158.94956970214844,643.647216796875,44.204925537109375,234.03482055664062,755.9954833984375
2023-09-29,158.8096923828125,643.647216796875,44.31479263305664,235.33277893066406,757.1942138671875
2023-10-02,155.6922607421875,638.5570678710938,43.216163635253906,227.34524536132812,752.9985961914062
2023-10-03,154.15350341796875,643.9465942382812,42.7617301940918,224.7493133544922,749.0028076171875
2023-10-04,153.7538299560547,639.2557373046875,42.40716552734375,223.85069274902344,742.8094482421875
2023-10-05,152.3949432373047,643.248046875,42.117530822753906,222.1533660888672,748.6033325195312
2023-10-06,154.6331024169922,653.4281616210938,42.571964263916016,223.35145568847656,757.39404296875
2023-10-09,151.89535522460938,643.7470092773438,42.0576057434082,221.0550537109375,737.4151611328125
2023-10-10,156.6514434814453,656.5221557617188,43.316036224365234,228.1439971923828,757.9932861328125
2023-10-11,157.05111694335938,657.7198486328125,43.221153259277344,228.84291076660156,757.39404296875
2023-10-12,152.1551513671875,656.6218872070312,43.365970611572266,229.04258728027344,755.595947265625
2023-10-13,152.95448303222656,651.332275390625,43.17620849609375,225.5480499267578,749.6022338867188
2023-10-16,153.13433837890625,650.0347900390625,43.45586395263672,227.844482421875,747.204833984375
2023-10-17,154.67308044433594,651.7315673828125,43.745506286621094,231.43885803222656,744.00830078125
2023-10-18,151.5156707763672,649.03662109375,42.796688079833984,226.84603881835938,743.00927734375
2023-10-19,147.67881774902344,639.9544067382812,41.8278923034668,222.0535125732422,734.8179931640625
2023-10-20,144.74122619628906,614.7035522460938,41.533260345458984,218.15960693359375,721.4323120117188
2023-10-23,143.921875,611.3101196289062,41.36347198486328,214.96458435058594,716.6373901367188
2023-10-24,134.52960205078125,611.6095581054688,40.52451705932617,207.4762420654297,708.4461059570312
2023-10-25,133.1107635498047,613.905029296875,41.40841293334961,206.2781219482422,713.240966796875
2023-10-26,132.131591796875,607.9166259765625,41.1187744140625,205.4793701171875,624.5352783203125
2023-10-27,129.09405517578125,599.8325805664062,39.705535888671875,181.71644592285156,609.9508666992188
2023-10-30,130.5528564453125,586.1591796875,39.98518371582031,177.87245178222656,619.740478515625
2023-10-31,131.49209594726562,591.1493530273438,39.89030838012695,177.92234802246094,629.3302612304688
2023-11-01,129.2339324951172,588.9536743164062,40.09504699707031,175.8755645751953,610.9497680664062
2023-11-02,133.13075256347656,600.1318359375,41.7230224609375,181.5167694091797,620.1400146484375
2023-11-03,136.2282257080078,601.0302124023438,42.382198333740234,186.6587371826172,618.5418090820312
2023-11-06,136.18824768066406,608.1163330078125,42.077579498291016,189.50430297851562,631.328125
2023-11-07,136.10830688476562,607.1182861328125,41.997676849365234,194.8958740234375,621.7383422851562
2023-11-08,135.90847778320312,606.1203002929688,41.93775177001953,195.79449462890625,619.1410522460938
2023-11-09,136.86769104003906,602.0072021484375,42.227394104003906,200.48715209960938,626.533203125
2023-11-10,135.46884155273438,598.1142578125,41.69805145263672,196.7429962158203,621.138916015625
2023-11-13,136.6278839111328,606.7986450195312,41.96772003173828,196.09400939941406,627.73193359375
2023-11-14,138.3464813232422,603.8040771484375,42.202430725097656,200.6868438720703,626.7330322265625
2023-11-15,139.7653350830078,615.882080078125,43.041385650634766,204.38108825683594,636.922119140625
2023-11-16,138.92599487304688,607.697021484375,42.721778869628906,200.58700561523438,629.5300903320312
2023-11-17,142.6829376220703,614.2850341796875,43.32102584838867,207.4762420654297,659.29833984375
2023-11-20,142.42312622070312,615.0835571289062,42.99643325805664,207.77581787109375,663.8934326171875
2023-11-21,141.6038055419922,612.1888427734375,42.49705505371094,206.67752075195312,661.296142578125
2023-11-22,139.865234375,605.600830078125,42.247371673583984,203.88185119628906,656.701171875
2023-11-23,140.12503051757812,610.5916748046875,42.29231262207031,204.88031005859375,665.4917602539062
2023-11-24,141.5238800048828,608.3956909179688,42.422149658203125,205.67904663085938,666.6904907226562
2023-11-27,140.0850372314453,606.2994995117188,41.997676849365234,203.5823211669922,666.6904907226562
2023-11-28,140.00511169433594,606.099853515625,42.397186279296875,202.8834228515625,661.4960327148438
2023-11-29,140.18496704101562,593.7223510742188,43.39593505859375,206.07843017578125,639.7191772460938
2023-11-30,140.92434692382812,601.0090942382812,43.41591262817383,207.5760955810547,652.5055541992188
2023-12-01,142.2432861328125,603.0054931640625,44.43464660644531,210.87094116210938,651.9061889648438
2023-12-04,142.86276245117188,603.0054931640625,45.0738525390625,213.36705017089844,652.5055541992188
2023-12-05,139.34567260742188,602.306640625,44.95399475097656,214.46534729003906,645.1134643554688
2023-12-06,140.12503051757812,613.586181640625,45.74801254272461,219.05816650390625,662.6947021484375
2023-12-07,140.0251007080078,611.2904052734375,45.658119201660156,218.0597381591797,649.3089599609375
2023-12-08,143.1625213623047,618.0780639648438,46.277347564697266,220.15646362304688,659.29833984375
2023-12-11,142.38314819335938,615.283203125,46.05762481689453,218.5589599609375,646.3121337890625
2023-12-12,141.56382751464844,617.6787109375,45.8428955078125,216.36239624023438,638.7203369140625
2023-12-13,140.96434020996094,616.081787109375,46.127532958984375,214.96458435058594,636.922119140625
2023-12-14,149.87701416015625,615.1832885742188,47.4808464050293,222.35302734375,654.3037109375
2023-12-15,146.519775390625,607.896484375,46.95650100708008,220.85537719726562,641.9168701171875
2023-12-18,146.37989807128906,611.689697265625,46.9415168762207,219.1580352783203,645.1134643554688
2023-12-19,147.5389404296875,611.9890747070312,46.6668586730957,218.6588134765625,657.300537109375
2023-12-20,151.5156707763672,618.2777099609375,47.405941009521484,217.66036987304688,661.096435546875
2023-12-21,151.29583740234375,621.3721313476562,47.131282806396484,216.76177978515625,654.3037109375
2023-12-22,151.65554809570312,626.6624145507812,47.98522186279297,216.36239624023438,651.3068237304688
2023-12-27,153.5340118408203,630.3558349609375,48.07011795043945,219.05816650390625,658.2994995117188
2023-12-28,153.3741455078125,630.4554443359375,47.910316467285156,217.7602081298828,654.5035400390625
2023-12-29,153.6539306640625,634.3485717773438,47.650634765625,219.05816650390625,665.8914184570312
