Date,Asset_A,Asset_B,beta,spread,z_score,signal
2019-05-09,649.513427734375,678.3055419921875,0.5113665958720195,302.6506317647049,1.80972816588553,0.0
2019-05-10,649.6130981445312,678.5051879882812,0.5056558544867584,306.52297753861825,1.8048468848523995,0.0
2019-05-13,647.6204223632812,666.9273071289062,0.5037742229906292,311.63963642318373,1.7988847468310116,0.0
2019-05-14,651.2071533203125,677.7066040039062,0.5011279635377347,311.58942297976097,1.6435843190456763,0.0
2019-05-15,660.8716430664062,676.309326171875,0.5022783905201487,321.1760832230306,1.7286342408433975,0.0
2019-05-16,658.6578369140625,691.4804077148438,0.5009469239670182,312.2628536858519,1.397773810901608,0.0
2019-05-17,652.3803100585938,675.91015625,0.5010763918076624,313.69768777869047,1.3446206649461558,0.0
2019-05-20,647.796630859375,675.71044921875,0.501031145815924,309.24465024751197,1.1598790754867794,0.0
2019-05-21,650.18798828125,685.2921752929688,0.49347556262341874,312.01304651712576,1.1568468253878885,0.0
2019-05-22,655.1702880859375,686.689453125,0.489192139900423,319.2472050646675,1.2636940124565559,0.0
2019-05-23,656.9638671875,673.9138793945312,0.4871971541921627,328.63494297588403,1.4184040563735902,0.0
2019-05-24,657.0636596679688,683.2960205078125,0.48074736258188333,328.5708999461414,1.3380289536404917,0.0
2019-05-28,656.1668701171875,689.8834228515625,0.473913648513052,329.2217001449309,1.2943652351934571,0.0
2019-05-29,653.1773071289062,677.9063720703125,0.466989615655305,336.6020709855088,1.4579752246425615,0.0
2019-05-30,651.2841186523438,692.2789306640625,0.45429146401562376,336.7877097337963,1.4056881607381955,0.0
2019-05-31,642.8141479492188,685.6915283203125,0.44179973868274625,339.8758099203318,1.416981719060714,0.0
2019-06-03,644.60791015625,673.31494140625,0.4359382175845878,351.0841947265382,1.6400879105471837,0.0
2019-06-04,645.4049072265625,681.4993286132812,0.4279266242824707,353.7732000823109,1.598312410312025,0.0
2019-06-05,644.010009765625,684.0946044921875,0.41908192813634054,357.3183238873718,1.5850951356714036,0.0
2019-06-06,641.81787109375,681.2998046875,0.4112515827156248,361.6322481121696,1.5969801134159674,0.0
2019-06-07,648.59375,690.6820068359375,0.40326189150951486,370.0680174917522,1.7187060624752684,0.0
2019-06-10,656.067138671875,705.8529663085938,0.3950128535562028,377.2461442592071,1.7940399137232241,0.0
2019-06-11,653.5758666992188,700.2634887695312,0.38402127535615305,384.65978865659423,1.8824698917491787,0.0
2019-06-12,646.600830078125,682.49755859375,0.3753397747791693,390.43235014821397,1.9475074429772552,0.0
2019-06-13,645.604248046875,682.2978515625,0.36656395082620796,395.49845193789145,2.017275314472439,-1.0
2019-06-14,643.3124389648438,675.1116333007812,0.3605552772942991,399.8973768154734,2.0158152716518876,-1.0
2019-06-17,648.79296875,687.8873291015625,0.3519386260313289,406.6988472816355,2.0270324910534523,-1.0
2019-06-18,655.2698364257812,708.2483520507812,0.34071827471356947,413.9566798463103,2.0191517741619704,-1.0
2019-06-19,654.9710083007812,709.8453979492188,0.33388554512129304,417.9638906546652,1.936882745243598,-1.0
2019-06-20,651.6825561523438,706.8510131835938,0.3146663365120468,429.26033737403384,2.0229919379694663,-1.0
2019-06-21,647.2981567382812,701.4613647460938,0.2918567833707012,442.57189916466416,2.118545073777319,-1.0
2019-06-24,643.5117797851562,693.2769775390625,0.2615405549857456,462.19173432074956,2.287080234248468,-1.0
2019-06-25,645.5047607421875,701.0621948242188,0.21711833054533286,493.29130739350626,2.5548863699266904,-1.0
2019-06-26,647.3978271484375,706.052490234375,0.163137119897414,532.2144573952046,2.78002249845131,-1.0
2019-06-27,652.4797973632812,709.446044921875,0.10324661941724404,579.2318915661634,2.9261480674307307,-1.0
2019-06-28,654.5724487304688,712.839599609375,0.06559048549357029,607.8169533130476,2.7824143434141586,-1.0
2019-07-01,659.455078125,712.0411987304688,0.05678324735072981,619.0230666135776,2.509033598613297,-1.0
2019-07-02,666.5299682617188,720.6248168945312,0.0658801688329267,619.0550836595102,2.217142428088368,-1.0
2019-07-03,669.1206665039062,732.601806640625,0.08098196612837587,609.7931318129482,1.915333873810049,-1.0
2019-07-04,669.2203979492188,733.999267578125,0.10182891208679136,594.4780510592366,1.6176088501147197,-1.0
2019-07-05,670.1171264648438,733.400390625,0.12054998531862648,581.705720142325,1.38384522527176,-1.0
2019-07-08,666.1311645507812,731.8034057617188,0.13539542399547722,567.0483321463391,1.1590853218763433,-1.0
2019-07-09,668.323486328125,735.3966064453125,0.14895447323562455,558.7828721957976,1.0097569037455145,-1.0
2019-07-10,664.3375854492188,732.4022827148438,0.1527117302638214,552.4911656066624,0.8867391975061413,-1.0
2019-07-11,662.1455078125,719.227294921875,0.15807262938015965,548.4553581822197,0.7903152625508307,-1.0
2019-07-12,661.0494384765625,713.8377075195312,0.16067334803180627,546.3547440580501,0.7155531052331512,-1.0
2019-07-15,664.8358764648438,715.63427734375,0.17208474207072888,541.686136431172,0.6162221888844996,-1.0
2019-07-16,668.1241455078125,719.8262939453125,0.18909069835008444,532.0116888949402,0.4643611368206088,0.0
2019-07-17,661.9461059570312,709.2465209960938,0.20278551439635153,518.1211853630157,0.26259194410805875,0.0
2019-07-18,659.056640625,712.839599609375,0.2167958545046373,504.515970502942,0.05521677248865848,0.0
2019-07-19,660.3518676757812,711.8414916992188,0.23687148932361954,491.7369133746404,-0.15204964852149863,0.0
2019-07-22,660.2523193359375,702.2597045898438,0.2688008245411119,471.48433170018984,-0.46289774503578385,0.0
2019-07-23,668.5227661132812,713.2388305664062,0.30521459890693364,450.83186251710515,-0.7881458471695221,0.0
2019-07-24,654.07421875,681.1002197265625,0.3332988886250647,427.0642724728493,-1.1521466573317976,0.0
2019-07-25,652.7787475585938,685.8909912109375,0.33248357278980306,424.73126025644183,-1.2217339369411384,0.0
2019-07-26,660.0528564453125,688.8853149414062,0.3272259160978063,434.631728177285,-1.124217545449502,0.0
2019-07-29,664.0386962890625,688.8853149414062,0.3192053330927767,444.1428298704685,-1.0296840947760213,0.0
2019-07-30,662.4443969726562,682.0983276367188,0.2993196291282913,458.27897851540587,-0.8657428700628439,0.0
2019-07-31,654.3731689453125,675.5108642578125,0.295251637390714,454.92748019797705,-0.9578551283032581,0.0
2019-08-01,663.6401977539062,697.8681030273438,0.2977535087418994,455.8475214384613,-0.9735020635727868,0.0
2019-08-02,643.8106689453125,671.3187866210938,0.30231758859082863,440.85919219830237,-1.2079828916879052,0.0
2019-08-05,624.5790405273438,637.18408203125,0.33324224117589807,412.2423889896427,-1.5803009338995881,0.0
2019-08-06,625.6751708984375,629.5985107421875,0.35248973106669323,403.74816116693324,-1.590843027592516,0.0
2019-08-07,625.1769409179688,625.8057250976562,0.36408427742016586,397.3309156903856,-1.5501610563640509,0.0
2019-08-08,632.052490234375,634.2606201171875,0.37080273145475495,396.86691984073514,-1.441602573877847,0.0
2019-08-09,619.7960815429688,625.2767333984375,0.3848938993578601,379.130881447499,-1.5686591236278977,0.0
2019-08-12,608.8350219726562,613.0984497070312,0.4097084031978621,357.6434351401037,-1.7367843704874655,0.0
2019-08-13,612.1233520507812,621.283935546875,0.4255786556738043,347.7181699690117,-1.7548765514634561,0.0
2019-08-14,600.0662231445312,606.5103149414062,0.4479253676716948,328.39486732772644,-1.8798229506155517,0.0
2019-08-15,589.2833251953125,601.3196411132812,0.4769987890909959,302.4545845276451,-2.046452110361611,1.0
2019-08-16,595.1633911132812,611.3018188476562,0.49856527264486666,290.38953313119663,-2.019109031297988,1.0
2019-08-19,601.6411743164062,617.291015625,0.5098712985362873,286.9022026049039,-1.8956271840792145,1.0
2019-08-20,594.8643188476562,615.8935546875,0.5239237211420702,272.1830758483641,-1.9068003234710187,1.0
2019-08-21,596.259521484375,621.8828125,0.5373654551079048,262.0811809215287,-1.8656571539937037,1.0
2019-08-22,591.6751708984375,619.087890625,0.5509203358220469,250.60706229194983,-1.844637899550756,1.0
2019-08-23,584.4002685546875,613.2982177734375,0.5670804225332323,236.61085608084824,-1.8532840726838524,1.0
2019-08-27,578.9190063476562,605.711669921875,0.583854636730992,225.27143934169737,-1.8353924762485165,1.0
2019-08-28,579.8157958984375,609.5049438476562,0.5980867692914563,215.27895316542225,-1.8050566599797953,1.0
2019-08-29,589.4827880859375,619.8863525390625,0.6070344492864972,213.19041745217226,-1.699480702959987,1.0
2019-08-30,589.383056640625,620.8845825195312,0.6153844366100696,207.300347626965,-1.6411244781147978,1.0
2019-09-02,592.87109375,626.674072265625,0.6221869705805424,202.96265118567885,-1.5727375900000375,1.0
2019-09-03,591.6751708984375,623.6795043945312,0.6289300430283031,199.42439336371422,-1.499192499940945,1.0
2019-09-04,602.0398559570312,642.2462158203125,0.633134035685963,195.41191743067878,-1.4337533765738986,1.0
2019-09-05,596.7578735351562,644.641845703125,0.6381304213349109,185.39230092650644,-1.4274160184375306,1.0
2019-09-06,598.950439453125,647.836181640625,0.6422774277066019,182.85988313371746,-1.3519073229114262,1.0
2019-09-09,604.9299926757812,658.0179443359375,0.6447215571882822,180.69163894568322,-1.2840492772507972,1.0
2019-09-10,611.5073852539062,681.7752075195312,0.6418377963678072,173.9182884413658,-1.2703060599318101,1.0
2019-09-11,623.3668823242188,681.17626953125,0.6411077029976352,186.659528828541,-1.07816026171492,1.0
2019-09-12,624.0645141601562,680.5772705078125,0.6408768790720487,187.8982770697359,-1.0108730343627557,1.0
2019-09-13,625.2882080078125,700.1671752929688,0.6355297377916801,180.31114668353075,-1.0475427801696127,1.0
2019-09-16,616.4901733398438,689.5611572265625,0.6322265806037729,180.53128078931354,-1.000312792393626,1.0
2019-09-17,609.9130249023438,688.7626342773438,0.6275332084003625,177.6915991879967,-0.9855830671325188,1.0
2019-09-18,607.5211791992188,678.9801635742188,0.6267104848753965,181.99719166484408,-0.8841379158335718,1.0
2019-09-19,613.8992309570312,689.3614501953125,0.6236476263370941,183.98059885442768,-0.8155122545893977,1.0
2019-09-20,613.50048828125,686.9657592773438,0.6202688055277397,187.39705733583526,-0.7301708108334614,1.0
2019-09-23,610.8099365234375,683.7716064453125,0.6173487160372312,188.6844132217089,-0.673880716477134,1.0
2019-09-24,609.2152099609375,673.7894287109375,0.6146074155491696,195.09923055655673,-0.5120893099305698,1.0
2019-09-25,613.6998901367188,673.7894287109375,0.610320290834522,202.47253004463295,-0.3020927859248222,0.0
2019-09-26,617.0883178710938,679.1797485351562,0.606646270513162,205.066456414174,-0.16830215289729797,0.0
2019-09-27,622.1708984375,681.7752075195312,0.6028886675344504,211.1363520180264,0.08506110536123868,0.0
2019-09-30,622.4698486328125,682.9730224609375,0.5973296512985442,214.50981127990792,0.29688706788157726,0.0
2019-10-01,617.7860107421875,665.6041259765625,0.59586866010055,221.17337203913553,0.6948575444894091,0.0
2019-10-02,600.9434814453125,651.6292114257812,0.5961935588739892,212.44634281912482,0.4967988937462687,0.0
2019-10-03,601.0432739257812,640.0499877929688,0.5983123548114164,218.0934585323518,0.9497431852023123,0.0
2019-10-04,599.847412109375,637.454833984375,0.5960200162487729,219.911571600149,1.2383975891852463,0.0
2019-10-07,602.2392578125,636.2569580078125,0.591068046938403,226.1681002918528,1.7037480735777288,0.0
2019-10-08,597.156494140625,630.8666381835938,0.583812278498207,228.84880467415712,1.83841205443661,0.0
2019-10-09,602.5381469726562,634.0609130859375,0.572088100145926,239.79944382853114,2.264904735296182,-1.0
2019-10-10,596.0375366210938,646.0394897460938,0.5624214099055945,232.69109594340483,1.7430070035785785,-1.0
2019-10-11,605.4066772460938,654.2247314453125,0.5525643595657258,243.9054075029557,2.099807597066395,-1.0
2019-10-14,605.3070068359375,653.625732421875,0.5391866414426099,252.88074341092073,2.232946013512839,-1.0
2019-10-15,603.9115600585938,661.4116821289062,0.5191631989815746,260.53095532076645,2.2508321446129576,-1.0
2019-10-16,601.619140625,657.2192993164062,0.48918336536956797,280.118391999571,2.571757095475419,-1.0
2019-10-17,604.4099731445312,658.217529296875,0.47125448348931076,294.22201135212214,2.5975727570964278,-1.0
2019-10-18,599.625732421875,650.2318725585938,0.4533693377728518,304.83053896118395,2.506676016930937,-1.0
2019-10-21,602.7155151367188,663.8074340820312,0.42312364141302894,321.8428964308905,2.546275878441046,-1.0
2019-10-22,608.3967895507812,682.3740844726562,0.38119692702934943,348.27788546533895,2.7021093923012476,-1.0
2019-10-23,608.69580078125,687.564697265625,0.3415136566741894,373.88306681798434,2.723002938028481,-1.0
2019-10-24,615.3739624023438,700.7410278320312,0.3120044949841336,396.73961189894817,2.6558599503256195,-1.0
2019-10-25,615.3739624023438,690.759033203125,0.2674999699733028,430.59594176172016,2.7029238936413655,-1.0
2019-10-28,592.4494018554688,690.9586791992188,0.2340015529390089,430.76399790616506,2.3546605974327433,-1.0
2019-10-29,586.0701904296875,693.753662109375,0.2156265278388406,436.47849709356274,2.157941454004156,-1.0
2019-10-30,586.0701904296875,711.5216674804688,0.1919344535382491,449.50466800119995,2.0735810584920147,-1.0
2019-10-31,581.0866088867188,699.7428588867188,0.1785975452395986,456.11425199061193,1.941363155913939,-1.0
2019-11-01,586.8677368164062,704.7339477539062,0.16804475282536238,468.4408947584592,1.8840490277721091,-1.0
2019-11-04,594.0442504882812,716.9119873046875,0.16027629019888345,479.14025676397694,1.8196555728618868,-1.0
2019-11-05,595.937744140625,735.2789306640625,0.14694017732394463,487.8957276862873,1.7459420134624073,-1.0
2019-11-06,596.1371459960938,733.681884765625,0.13741528692102595,495.3180392922663,1.6700103138667577,-1.0
2019-11-07,598.828369140625,732.284423828125,0.12883015546986626,504.4880529706862,1.6190269667692758,-1.0
2019-11-08,593.645263671875,724.6981201171875,0.11042973200520344,513.6170444826593,1.5732617296199316,-1.0
2019-11-11,584.6749267578125,711.3220825195312,0.09497104260792608,517.1199269508913,1.4882424893903754,-1.0
2019-11-12,586.7681274414062,711.7213134765625,0.08582516243064574,525.6845301069277,1.4533953345847128,-1.0
2019-11-13,572.315673828125,707.5289306640625,0.06550293264027006,525.9704539417946,1.3606561041353922,-1.0
2019-11-14,568.4282836914062,702.338134765625,0.04741689867619668,535.1255875187957,1.3490896505001368,-1.0
2019-11-15,571.8172607421875,701.9389038085938,0.02775194955255596,552.337087694715,1.4060200498763327,-1.0
2019-11-18,573.113037109375,696.3489990234375,0.003007437570039791,571.0188109678523,1.471030211026673,-1.0
2019-11-19,578.7942504882812,695.350830078125,-0.030661111761682222,600.1144800028851,1.6145138256383718,-1.0
2019-11-20,574.5083618164062,684.7698974609375,-0.06350631810968609,617.9955767564977,1.6528588573513507,-1.0
2019-11-21,567.8303833007812,677.9820556640625,-0.08067233041255362,622.5247757090948,1.5935871766870378,-1.0
2019-11-22,577.8973388671875,688.962158203125,-0.10434617539110469,649.7879050648849,1.7217081245203811,-1.0
2019-11-25,580.8873901367188,700.1422119140625,-0.1269878751987657,669.7969619646494,1.781101230150265,-1.0
2019-11-26,580.8873901367188,703.7356567382812,-0.1565857235824878,691.0823471578798,1.8476157291403512,-1.0
2019-11-27,583.1796875,702.537841796875,-0.16654095666260774,700.1810117645354,1.8076084672206338,-1.0
2019-11-28,578.8941040039062,694.751953125,-0.1805071181885171,704.3017769183438,1.7349323491593318,-1.0
2019-11-29,574.40869140625,696.1494750976562,-0.19361099971933254,709.1908872339958,1.6812134648710733,-1.0
2019-12-02,567.3320922851562,692.955078125,-0.19921164907528743,705.3768161335322,1.562147716040964,-1.0
2019-12-03,554.374755859375,675.985595703125,-0.18809771163670425,681.5260995105072,1.2727405436851569,-1.0
2019-12-04,556.9661865234375,677.7822875976562,-0.1786829841181683,678.0743482538253,1.175348348482269,-1.0
2019-12-05,550.4874877929688,670.3956298828125,-0.15843662988214824,656.7027120793216,0.9069276556669452,-1.0
2019-12-06,560.0560913085938,674.5880126953125,-0.16447555351712667,671.0093280926737,0.9914536273334422,-1.0
2019-12-09,558.56103515625,677.1834716796875,-0.16232069055220053,668.4819239098334,0.9075147915794376,-1.0
2019-12-10,557.0658569335938,681.575439453125,-0.16327273075218407,668.3485401467253,0.8518052603194527,-1.0
2019-12-11,559.8565673828125,689.96044921875,-0.16666850685039372,674.8512452399284,0.8701014635659889,-1.0
2019-12-12,574.608154296875,716.71240234375,-0.1791421341709951,703.0015436395553,1.134469634646017,-1.0
2019-12-13,572.7142944335938,703.5359497070312,-0.1877422787424369,704.7977368088162,1.094901552693993,-1.0
2019-12-16,583.5785522460938,719.9066772460938,-0.18633833756497956,717.7247656860592,1.1892061920319028,-1.0
2019-12-17,591.65185546875,728.0919189453125,-0.16999833830412114,715.426271822112,1.1008708323465304,-1.0
2019-12-18,597.1337890625,731.6854858398438,-0.14613640549048482,704.0596759126938,0.9006252054243893,-1.0
2019-12-19,598.031005859375,737.2754516601562,-0.12244919867579934,688.3097941184992,0.6349509191974578,-1.0
2019-12-20,598.230224609375,721.903076171875,-0.10741399960023712,675.7727213447107,0.39912111771487135,0.0
2019-12-23,597.0342407226562,724.2987670898438,-0.09332419502836183,664.6288401213509,0.16141046573104625,0.0
2019-12-24,597.4329833984375,725.6961669921875,-0.0690945657355079,647.5746449126854,-0.21578579463282915,0.0
2019-12-27,595.838134765625,721.5037841796875,-0.052694471158080965,633.8573951115278,-0.6048506864761478,0.0
2019-12-30,594.3429565429688,716.5126342773438,-0.034889702889062006,619.3418694691644,-1.0959713828932434,0.0
2019-12-31,589.95751953125,711.1224975585938,-0.01866844820547318,603.2330730446694,-1.671180910041947,0.0
2020-01-02,593.14697265625,718.7088012695312,0.006780970826909466,588.2734292417982,-2.1547756676413408,1.0
2020-01-03,592.4494018554688,719.50732421875,0.030530128244226126,570.4827509744104,-2.4627706967175973,1.0
2020-01-06,583.2794189453125,705.732177734375,0.06491236330042341,537.4686754314198,-2.819926102302833,1.0
2020-01-07,581.4854736328125,700.3416137695312,0.08809819847236659,519.7866391444868,-2.7301578931553885,1.0
2020-01-08,579.392333984375,697.5467529296875,0.12634396227701705,491.2615133457708,-2.7278924661607036,1.0
2020-01-09,586.1699829101562,706.5306396484375,0.17248121387645693,464.30672054268416,-2.652601405314271,1.0
2020-01-10,582.6814575195312,709.3257446289062,0.2125280303089104,431.92985416614863,-2.6195999305613253,1.0
2020-01-13,588.8610229492188,712.7195434570312,0.2651191115974902,399.9054507697218,-2.561597731318568,1.0
2020-01-14,588.4624633789062,715.3148803710938,0.33283113123757474,350.38340255392467,-2.6224532287969198,1.0
2020-01-15,587.8642578125,701.9389038085938,0.4298289162815555,286.1506194925891,-2.7125023194767492,1.0
2020-01-16,588.9608154296875,700.3416137695312,0.516453762791855,227.26675375869308,-2.6885236775624075,1.0
2020-01-17,592.050537109375,700.7410278320312,0.564083557245659,196.7740454219035,-2.4888235493332993,1.0
2020-01-20,590.4558715820312,698.1458740234375,0.5978045575037844,173.1010862883574,-2.3024662783730525,1.0
2020-01-21,583.6781616210938,689.7607421875,0.5974952005496978,171.549428636465,-2.054606411550769,1.0
2020-01-22,579.292724609375,687.7643432617188,0.6258255470799275,148.87222822554276,-1.9558023212904672,1.0
2020-01-23,571.11962890625,679.1797485351562,0.6335858486399945,140.80095155150502,-1.8102893637076554,1.0
2020-01-24,577.4984741210938,687.564697265625,0.6341013738378007,141.5127549825894,-1.653168478672141,1.0
2020-01-27,557.26513671875,656.4207153320312,0.6186863232600475,151.14661783824533,-1.4840112517108643,1.0
2020-01-28,565.8370361328125,660.8128662109375,0.5963134811219053,171.7854155124245,-1.2932772463433153,1.0
2020-01-29,564.4414672851562,659.0159912109375,0.5770569500020675,184.15170939438337,-1.1565828819805843,1.0
2020-01-30,561.1522216796875,648.4349365234375,0.549418259068604,204.89022773571975,-0.9950393968829817,1.0
2020-01-31,549.989013671875,629.868408203125,0.5308022984324834,215.6534148876466,-0.8856949218387324,1.0
2020-02-03,553.87646484375,629.4690551757812,0.5074075894426302,234.47908892827684,-0.7417890095477504,1.0
2020-02-04,561.8500366210938,637.2551879882812,0.48075600814487174,255.48577627423782,-0.5872096720849509,1.0
2020-02-05,567.1327514648438,639.6508178710938,0.45469529590944385,276.286533554229,-0.430263434903803,0.0
2020-02-06,571.6181030273438,637.6544189453125,0.42666445049454,299.5536307626268,-0.2530321289547462,0.0
2020-02-07,579.392333984375,635.6578979492188,0.39032964016539645,331.27621540956414,-0.01635855670828747,0.0
2020-02-10,576.4021606445312,629.4690551757812,0.3626694878107774,348.1129408111967,0.14870850389762252,0.0
2020-02-11,589.4591674804688,641.6471557617188,0.33607334196441296,373.8186634816677,0.38575804679978776,0.0
2020-02-12,593.4461669921875,640.2498168945312,0.30740189494324804,396.63216004174103,0.6236331742636313,0.0
2020-02-13,587.9641723632812,633.0626831054688,0.2807696774091713,410.21936704797434,0.8141417764662502,0.0
2020-02-14,582.5817260742188,634.0609130859375,0.26269989729579607,416.0139893272643,0.9564638558176815,0.0
2020-02-17,588.761474609375,634.0609130859375,0.24121293568998145,435.8177803576458,1.1989670083358397,0.0
2020-02-18,550.0888671875,629.4690551757812,0.2533319614605206,390.62423676111865,0.899357803234523,0.0
2020-02-19,557.16552734375,625.0769653320312,0.25851010992669254,395.57681232312325,1.0153651032146722,0.0
2020-02-20,557.8631591796875,620.0860595703125,0.2617445759583926,395.55899645974546,1.06933157790786,0.0
2020-02-21,560.35498046875,625.8756103515625,0.26396458008111695,395.145987799287,1.0941380269685337,0.0
2020-02-24,548.9924926757812,605.5120849609375,0.2714318708401667,384.637214638504,1.001298387348454,0.0
2020-02-25,537.9287719726562,583.3521118164062,0.2852815421539663,371.5091818948989,0.859713806760254,0.0
2020-02-26,553.178466796875,590.5390625,0.28451498712487655,385.16125303295087,0.946112665188301,0.0
2020-02-27,527.56298828125,569.57666015625,0.30447626498268976,354.1404141755602,0.6045233586082268,0.0
2020-02-28,522.1806640625,561.5911254882812,0.3225899814052356,341.01699333389,0.4361308317195566,0.0
2020-03-02,518.3930053710938,549.4130859375,0.33865209136052626,332.3331147975189,0.3066955301970518,0.0
2020-03-03,508.1269226074219,537.23486328125,0.35708871937506936,316.28641327467983,0.10019205990801479,0.0
2020-03-04,510.5191955566406,557.3985595703125,0.37343400266157284,302.3676203785037,-0.10200420629487549,0.0
2020-03-05,504.7380981445313,531.2457275390625,0.3874694474421787,298.89660963895255,-0.21048979789145164,0.0
2020-03-06,492.1795043945313,518.668212890625,0.40611818798781885,281.5389096085104,-0.5032845435126682,0.0
2020-03-09,468.45758056640625,455.4816589355469,0.4246299876241741,275.04640936956673,-0.6898467268428281,0.0
2020-03-10,476.9297180175781,472.3513793945313,0.4382232972946389,269.93433905763567,-0.8633866307497741,0.0
2020-03-11,483.9066467285156,471.05377197265625,0.44328435779397857,275.0958779331855,-0.8948693302637805,0.0
2020-03-12,443.1409301757813,417.4501037597656,0.4592134855528482,251.4422129838612,-1.347545899851295,0.0
2020-03-13,464.32122802734375,436.1165161132813,0.4634178364987719,262.21705566874516,-1.2489323561039576,0.0
2020-03-16,462.8759765625,441.207275390625,0.46810183072990785,256.34604322079383,-1.3898068015356442,0.0
2020-03-17,493.0266723632813,455.6813354492187,0.4631256707086164,281.9889482539639,-0.9760314332904901,0.0
2020-03-18,489.3886413574219,452.1876525878906,0.4578862134987242,282.3381493230761,-0.9771354054743125,0.0
2020-03-19,498.3591003417969,450.390869140625,0.45029779482839993,295.549085156927,-0.7374046398483972,0.0
2020-03-20,498.3591003417969,445.6993408203125,0.4428764137748526,300.9693746574811,-0.6185438846285713,0.0
2020-03-23,488.3919982910156,420.3448181152344,0.43492344617871603,305.5741814129723,-0.509875270189249,0.0
2020-03-24,513.3099365234375,449.7919006347656,0.4253935002934479,321.97138550877185,-0.19146592116331246,0.0
2020-03-25,508.22662353515625,472.5509948730469,0.4220863377080523,308.7693047288953,-0.3822077766364728,0.0
2020-03-26,496.2659912109375,480.1373596191406,0.42274781756695035,293.28897029958785,-0.6124893780413173,0.0
2020-03-27,465.0188903808594,465.8630065917969,0.4297704595563426,264.8047319476034,-1.0873206261708046,0.0
2020-03-30,461.1316528320313,454.68310546875,0.4372369743932485,262.32738748914875,-1.1033369892194875,0.0
2020-03-31,452.7593078613281,445.00054931640625,0.4455656926645418,254.48232986906197,-1.1966812873824124,0.0
2020-04-01,409.6511535644531,412.65863037109375,0.4634103117325809,218.4208890250447,-1.8373651230934185,0.0
2020-04-02,396.4446716308594,397.6855163574219,0.4824043804981602,204.59943647936632,-1.9880923321988286,0.0
2020-04-03,395.896484375,405.6711730957031,0.5016000036051181,192.4118224877028,-2.095982444094359,1.0
2020-04-06,413.3390197753906,420.3448181152344,0.5150733038675427,196.83062554517554,-1.882981458534363,1.0
2020-04-07,418.2229919433594,433.3214416503906,0.5283060940319166,189.29663364476244,-1.9042519326689753,1.0
2020-04-08,419.0701904296875,436.3161010742187,0.539381371222567,183.7294135457913,-1.9326063166564715,1.0
2020-04-09,427.442626953125,450.0914001464844,0.5487432369028934,180.45801513458773,-1.865757150045128,1.0
2020-04-14,426.0472412109375,423.4393005371094,0.55598306479267,190.62216114465096,-1.5435181737890107,1.0
2020-04-15,406.7607116699219,393.2934875488281,0.5649227587933908,184.5802696683638,-1.56497963191825,1.0
2020-04-16,404.2689208984375,396.28802490234375,0.5750322826795096,176.39051334028844,-1.612209388615258,1.0
2020-04-17,412.9902648925781,405.77099609375,0.584786552010065,175.7008431812245,-1.5047089489717118,1.0
2020-04-20,416.578369140625,399.0830383300781,0.5937645975484669,179.61698949814678,-1.3245553036865654,1.0
2020-04-21,397.9896545410156,380.81585693359375,0.6054846825084135,167.4114863114092,-1.4557318286815153,1.0
2020-04-22,404.2689208984375,382.1134643554687,0.6149591332808302,169.28475604346306,-1.3168125197322589,1.0
2020-04-23,408.9535217285156,391.19720458984375,0.6234068019740167,165.07852347398602,-1.2999432341723771,1.0
2020-04-24,400.8302307128906,375.6251525878906,0.6321075138750156,163.3947493616357,-1.240239518109031,1.0
2020-04-27,414.9337768554687,382.4129333496094,0.6374114678783434,171.1793876734311,-1.0268467402089567,1.0
2020-04-28,419.1697998046875,389.2007751464844,0.6422722280869886,169.19695077817192,-0.9959155751130678,1.0
2020-04-29,427.0937805175781,434.2199096679687,0.6492828946957175,145.1622206338464,-1.3329110178374,1.0
2020-04-30,408.6544494628906,406.7691955566406,0.6572398902188986,141.3095080308144,-1.3062186569971546,1.0
2020-05-01,401.1292419433594,407.7673950195313,0.6658972379445078,129.5980598760264,-1.4079812455949363,1.0
2020-05-04,394.3017883300781,389.60003662109375,0.6728601171945329,132.15546203021466,-1.2824152947119445,1.0
2020-05-05,399.8834228515625,400.0812072753906,0.6767788242474558,129.11693378822093,-1.2664364570440296,1.0
2020-05-06,400.6308898925781,392.9939575195313,0.6794599664917726,133.60722868488824,-1.1343749862337669,1.0
2020-05-07,411.3455810546875,412.65863037109375,0.6798833341145316,130.78585558685216,-1.173832157935099,1.0
2020-05-11,409.6511535644531,404.0740661621094,0.6774865680047881,135.89640126054593,-1.058427682778825,1.0
2020-05-12,409.1528015136719,400.87982177734375,0.6746010745447222,138.71884297937908,-0.9867927647662599,1.0
2020-05-13,403.272216796875,389.2007751464844,0.6737131692236658,141.0625291086297,-0.8974547169045208,1.0
2020-05-14,397.1921997070313,387.4039611816406,0.6700937245090073,137.59523646928284,-0.9951574733193954,1.0
2020-05-15,398.38824462890625,386.3059997558594,0.6857970937168213,133.4607127109668,-1.1614372546603553,1.0
2020-05-18,413.3390197753906,401.5785217285156,0.696688975251731,133.56369098924608,-1.1179543477068206,1.0
2020-05-19,410.1495971679687,410.0632934570313,0.7082592483441903,119.71847717054857,-1.5939839300169407,1.0
2020-05-20,411.3954162597656,412.7584228515625,0.7248090289051808,112.2243846202906,-1.7596416265875354,1.0
2020-05-21,397.5909118652344,390.79791259765625,0.7424665804693985,107.43652204427366,-1.8186578045830126,1.0
2020-05-22,377.7561950683594,381.3149719238281,0.7624141279638457,87.03627326949567,-2.345372392121646,1.0
2020-05-26,386.3777770996094,400.2808837890625,0.7763793992089316,75.60794502863683,-2.425771455656857,1.0
2020-05-27,395.2984619140625,410.6622619628906,0.80020720998549,66.6835590224074,-2.389354171557511,1.0
2020-05-28,383.0886535644531,391.3968811035156,0.8318653681603371,57.499142968469414,-2.3776553551862705,1.0
2020-05-29,368.8854370117187,367.7393493652344,0.8636872462526648,51.27365101971276,-2.2782075131023016,1.0
2020-06-01,379.1516418457031,399.5820617675781,0.9003224659039573,19.398934664129797,-2.6814615850497847,1.0
2020-06-02,383.5370788574219,399.7817687988281,0.9891431577500122,-11.904322343136243,-2.8563761032676944,1.0
2020-06-03,400.48138427734375,426.5337219238281,1.050483878312753,-47.58541416037258,-2.955472447454492,1.0
2020-06-04,398.0892639160156,430.22705078125,1.1244723894058128,-85.68917586299256,-2.9557224256170076,1.0
2020-06-05,421.5619812011719,463.6670227050781,1.0704370033314174,-74.76435712685225,-2.4114230253261035,1.0
2020-06-08,419.3692321777344,459.3747253417969,1.033037894774247,-55.18226700185335,-1.9257443008492297,1.0
2020-06-09,404.1194458007813,442.0058898925781,1.0019101321213941,-38.73073373992605,-1.5716421304018893,1.0
2020-06-10,399.2354431152344,449.1930236816406,0.9618575005493699,-32.8242359074024,-1.39069450540555,1.0
2020-06-11,375.01519775390625,413.2575378417969,0.9542269263612674,-19.326272376496718,-1.1404626730252558,1.0
2020-06-12,379.1018371582031,426.1344299316406,0.9323426343917424,-18.20145984928604,-1.0528999472391916,1.0
2020-06-15,374.96539306640625,416.7512817382813,0.8964447639180982,1.3708886959678352,-0.7491765361018725,1.0
2020-06-16,382.54046630859375,427.8313293457031,0.8479108350672943,19.777646575128017,-0.4705083283375462,0.0
2020-06-17,380.7961730957031,424.2378234863281,0.7916256649011585,44.95862400211831,-0.10746522803251483,0.0
2020-06-18,380.2978820800781,423.0399475097656,0.7354548414302636,69.17110456561642,0.24327408963904884,0.0
2020-06-19,390.1155090332031,426.2342834472656,0.7154843434528453,85.15155258384232,0.48880535795896946,0.0
2020-06-22,380.0985412597656,427.43206787109375,0.6305228878598047,110.59283946179556,0.8546067248783284,0.0
2020-06-23,386.3279418945313,429.8277282714844,0.5111545060290624,166.61956177232665,1.5829301543796503,0.0
2020-06-24,379.55029296875,419.9455871582031,0.3819565850035685,219.1493106104843,2.124474368329135,-1.0
2020-06-25,383.0886535644531,424.03814697265625,0.29345001776818297,258.65465180093975,2.361753016204795,-1.0
2020-06-26,379.0020751953125,421.8420715332031,0.20771580701252038,291.3788088749599,2.4251364707400973,-1.0
2020-06-29,383.5370788574219,438.4123840332031,0.12636068173691573,328.13899112907984,2.456610177202969,-1.0
2020-06-30,377.35748291015625,439.3107299804687,0.0997234067448853,333.54792029692146,2.2321572948279167,-1.0
2020-07-01,371.07818603515625,430.22705078125,0.07947972198517289,336.8838596485616,2.0350887628568417,-1.0
2020-07-02,387.8230590820313,441.4070129394531,0.06590858965352742,358.7305453960156,1.9889474443321415,-1.0
2020-07-03,382.241455078125,434.2199096679687,0.04893935919109451,360.99101095095966,1.8246042277637695,-1.0
2020-07-06,407.3088989257813,456.47991943359375,0.04655777492626106,386.0562095784343,1.8131373610645825,-1.0
2020-07-07,393.8532104492187,441.4070129394531,0.02641562398472684,382.19316877118865,1.6380350459619655,-1.0
2020-07-08,382.3908996582031,434.8188171386719,-0.021692843909017594,391.823356387096,1.560978152826628,-1.0
2020-07-09,372.0748596191406,428.031005859375,-0.04446433177240468,391.106972272548,1.4391330921898697,-1.0
2020-07-10,376.5601806640625,433.42138671875,-0.04934477624517623,397.94726201157323,1.3703928349463814,-1.0
2020-07-13,379.55029296875,443.5032043457031,-0.05763379941906213,405.1110676897216,1.3099255650953547,-1.0
2020-07-14,382.49066162109375,444.30181884765625,-0.062025740262243105,410.04881083498066,1.2456649934363244,-1.0
2020-07-15,384.8328552246094,445.4996337890625,-0.05757934504399568,410.4844323555235,1.1685294093940917,-1.0
2020-07-16,384.3345031738281,446.9969177246094,-0.061722325669878356,411.9241925030583,1.1089032835719328,-1.0
2020-07-17,378.3043823242187,442.2055358886719,-0.06201929316367052,405.72965709309625,1.0141134213746699,-1.0
2020-07-20,373.0716247558594,441.5068054199219,-0.06266749160424562,400.73974877772963,0.9291321882621303,-1.0
2020-07-21,379.69976806640625,450.4906921386719,-0.06466356773033068,408.8301034493988,0.9212972598132956,-1.0
2020-07-22,369.2840881347656,444.10211181640625,-0.054057649994052326,393.2912046569564,0.7768484448654251,-1.0
2020-07-23,365.8953247070313,435.51751708984375,-0.03567274160827375,381.43142856005426,0.6526873254049641,-1.0
2020-07-24,363.6526489257813,425.5354614257813,-0.05628938647710483,387.60577897369024,0.6489055033195573,-1.0
2020-07-27,351.9411315917969,420.24505615234375,-0.044192893134059545,370.51297644845425,0.474732194830925,0.0
2020-07-28,352.0907897949219,420.9437561035156,-0.036499282406187245,367.4549348260653,0.39725421252296345,0.0
2020-07-29,361.1109924316406,419.5462341308594,-0.026497904557601138,372.22808850114114,0.38564374063257073,0.0
2020-07-30,345.91094970703125,393.3931884765625,0.0286806358073763,334.62818293923243,-0.0830765631778669,0.0
2020-07-31,341.0769958496094,385.1081237792969,0.10445928917724806,300.84887498324036,-0.6494590556759084,0.0
2020-08-03,331.1596374511719,391.0973205566406,0.16830455661250202,265.3361763225489,-1.4463210736236436,0.0
2020-08-04,335.59503173828125,400.48052978515625,0.21970969378550828,247.60557717212646,-2.012646918180209,1.0
2020-08-05,332.355712890625,402.6765747070313,0.27382896928205647,222.0912014845696,-2.4955236337863136,1.0
2020-08-06,323.8836364746094,395.0901794433594,0.35794743424335346,182.46212044811278,-2.8533871055167292,1.0
2020-08-07,324.4815673828125,400.18109130859375,0.43405971656147513,150.7790763161425,-2.8414979387896224,1.0
2020-08-10,329.9137268066406,405.8708190917969,0.5090397106047949,123.30936251322126,-2.7017182166171163,1.0
2020-08-11,344.8645324707031,427.332275390625,0.5414839924568882,113.47094588650108,-2.4286552765968477,1.0
2020-08-12,355.9281005859375,437.713623046875,0.5467885047959641,116.59132311131248,-2.1205900995438753,1.0
2020-08-13,342.62188720703125,422.6407470703125,0.5654181173582274,103.65315167966037,-2.0067774644205207,1.0
2020-08-14,340.1799621582031,421.1434326171875,0.625612466066387,76.70738071090119,-2.0115221534164287,1.0
2020-08-17,337.5386047363281,416.0525512695313,0.6960776482050614,47.93372331891709,-2.014807585129752,1.0
2020-08-18,331.3091125488281,406.7691955566406,0.7521315232126112,25.365177898843456,-1.9658985090322083,1.0
2020-08-19,334.49859619140625,412.5588073730469,0.7886128890361835,9.14940321162544,-1.8825304972775108,1.0
2020-08-20,327.8704528808594,396.6873474121094,0.8728931238215021,-18.395204982162227,-1.8756808362976811,1.0
2020-08-21,327.0730895996094,391.19720458984375,1.0352361712512907,-77.90840668418832,-2.0335613724787582,1.0
2020-08-24,336.8907165527344,397.9850158691406,1.0870184374559024,-95.7263335282014,-1.9349226097875674,1.0
2020-08-25,333.65142822265625,388.9012756347656,1.1305264380859013,-106.01174568777861,-1.8171985426819288,1.0
2020-08-26,330.51177978515625,390.79791259765625,1.1249581912483313,-109.1195331143266,-1.6852058084692927,1.0
2020-08-27,326.9733581542969,383.7106628417969,1.1070582569279162,-97.81669941599807,-1.50485367838401,1.0
2020-08-28,329.0665283203125,391.6963195800781,1.0862670872346427,-96.42029183046873,-1.3955293073551582,1.0
2020-09-01,315.9597473144531,376.822998046875,1.0572416669581852,-82.433227288806,-1.2361571992779585,1.0
2020-09-02,319.3983459472656,372.1314392089844,1.0224128414911815,-61.07361622259498,-1.053382744599078,1.0
2020-09-03,316.20880126953125,369.9353942871094,1.0000870566885955,-53.75879836799902,-0.9522913362974237,1.0
2020-09-04,318.7006530761719,374.6269836425781,0.9981771392107268,-55.2434377273205,-0.9033531552005903,1.0
2020-09-07,322.089599609375,384.9085388183594,0.9977242371039683,-61.942978637975784,-0.8893515834554729,1.0
2020-09-08,320.2454528808594,374.9264526367187,0.9906681567228124,-51.18224485938157,-0.7734445427686617,1.0
2020-09-09,326.6246032714844,386.0065002441406,0.9845443075259623,-53.41589921190325,-0.7406907647683686,1.0
2020-09-10,323.5846252441406,384.30950927734375,0.9805385805356471,-53.2456754690171,-0.6976679351535786,1.0
2020-09-11,321.8403625488281,378.8194580078125,0.9728152486773753,-46.68098269687056,-0.6046215211656049,1.0
2020-09-14,321.0429382324219,381.5146179199219,0.9642227494856057,-46.82213562727554,-0.5596290930236172,1.0
2020-09-15,321.7406005859375,376.22406005859375,0.9528057021706123,-36.72782913166952,-0.41900101729623834,0.0
2020-09-16,315.9597473144531,380.9156799316406,0.9479236177118233,-45.11922204950662,-0.4488484690182421,0.0
2020-09-17,309.780029296875,371.9318237304687,0.9453743389237543,-41.83477268702319,-0.3585746702008827,0.0
2020-09-18,303.0023193359375,358.7554626464844,0.9334440996425913,-31.875850485971398,-0.17410882066467298,0.0
2020-09-21,287.0548400878906,337.8929138183594,0.9171519846793349,-22.844316429701166,0.021089297916219447,0.0
2020-09-22,286.1578369140625,343.5827331542969,0.9109106971416691,-26.81535006935809,0.03918680928993412,0.0
2020-09-23,289.29742431640625,352.1672668457031,0.9138292991158915,-32.523342316761784,0.028694054130837914,0.0
2020-09-24,285.7591247558594,345.3795166015625,0.9134006751492442,-29.71075889072739,0.18538578057838617,0.0
2020-09-25,282.4201965332031,336.19598388671875,0.9015225732918919,-20.668071990751002,0.5260311296142256,0.0
2020-09-28,307.5373840332031,361.350830078125,0.8903257833411036,-14.182576817061545,0.8693579061576093,0.0
2020-09-29,297.5204162597656,351.06927490234375,0.8677312814872113,-7.113375542031179,1.2332957232111965,0.0
2020-09-30,300.5105285644531,355.4613952636719,0.8505502489305116,-1.8272496622499261,1.4986695193339643,0.0
2020-10-01,303.6003112792969,355.96051025390625,0.8369990892771164,5.661688378159681,1.7524661916385458,0.0
2020-10-02,307.1885986328125,359.25457763671875,0.8272984296788268,9.977850699024884,1.7826824479472632,0.0
2020-10-05,308.334716796875,361.94976806640625,0.8169113122383032,12.65385680139758,1.7034516980399241,0.0
2020-10-06,313.26849365234375,370.73394775390625,0.809443227129898,13.180410575814847,1.6013264019485562,0.0
2020-10-07,314.3648681640625,375.12603759765625,0.7995552822434817,14.43086329578955,1.5556825560009506,0.0
2020-10-08,313.0691833496094,381.414794921875,0.7873747820018091,12.752792345733326,1.4553497938645952,0.0
2020-10-09,308.3846435546875,376.124267578125,0.7752773401854799,16.78402180750703,1.5166097909965974,0.0
2020-10-12,307.1885986328125,378.3203430175781,0.7650407717071781,17.758111458120197,1.4993247967090744,0.0
2020-10-13,304.1983947753906,370.73394775390625,0.7592816570307445,22.70690860725523,1.5892971376100855,0.0
2020-10-14,295.6266174316406,354.16375732421875,0.7502054701724146,29.931029350196184,1.7029758740235874,0.0
2020-10-15,298.2679748535156,359.853515625,0.7497659476342433,28.46206270142352,1.5302274269523624,0.0
2020-10-16,305.3446044921875,369.1368103027344,0.7432802594498059,30.97250035789733,1.5027183980690377,0.0
2020-10-19,308.2351379394531,377.9210510253906,0.7296029782886232,32.502813553361364,1.4626279200763,0.0
2020-10-20,307.5373840332031,379.91748046875,0.7248749356938626,32.14472480944363,1.357830654561445,0.0
2020-10-21,301.4075927734375,376.124267578125,0.7212253096006259,30.137251441095657,1.2163876134263136,0.0
2020-10-22,305.94268798828125,382.6126098632813,0.6996253743413353,38.2571975849678,1.4143641918095493,0.0
2020-10-23,320.34521484375,398.6837463378906,0.6847801551389667,47.33449717510479,1.6196224209116237,0.0
2020-10-26,318.30194091796875,392.59466552734375,0.67885083868932,51.7887229597784,1.6635340867399993,0.0
2020-10-27,329.0166931152344,384.0101318359375,0.6772914401962334,68.92991787412677,2.0540529938808065,-1.0
2020-10-28,317.95306396484375,373.0299072265625,0.6716612762774499,67.40332038739206,1.8660552119461193,-1.0
2020-10-29,322.9366760253906,344.3813171386719,0.6336741719587845,104.71113004946716,2.701866708133462,-1.0
2020-10-30,323.4848937988281,351.1690673828125,0.6115101395208428,108.74144840816021,2.471617067741176,-1.0
2020-11-02,331.5583801269531,358.356201171875,0.5967561987537723,117.70709571578288,2.3828322002356916,-1.0
2020-11-03,345.7117004394531,371.83203125,0.5935130135904227,125.02455102281738,2.2814957886594125,-1.0
2020-11-04,331.3589172363281,354.2635803222656,0.5728222228738242,128.42886567288835,2.1370296318804143,-1.0
2020-11-05,335.046875,366.0424499511719,0.5515552569627439,133.1542374579091,2.0444740208684924,-1.0
2020-11-06,336.6914367675781,364.3454284667969,0.5385655595643671,140.46753721063857,2.004236398319981,-1.0
2020-11-09,372.7726440429687,424.4375,0.613342018229365,112.44729118074258,1.311413192166472,-1.0
2020-11-10,372.7227783203125,416.7512817382813,0.6846081583641037,87.41145083358799,0.7189368664759606,-1.0
2020-11-11,386.3279418945313,427.43206787109375,0.7731954330449706,55.83941907963367,-0.016954594890637758,0.0
2020-11-12,371.2775573730469,415.7530822753906,0.8335074128855223,24.74428136650431,-0.7440958292896004,0.0
2020-11-13,371.4768981933594,416.15234375,0.8730660346403123,8.148421629274708,-1.121091836139318,0.0
2020-11-16,387.5240783691406,438.7118835449219,0.9047242595243399,-9.38920561556722,-1.4734273280628685,0.0
2020-11-17,375.3641052246094,436.1165161132813,0.9077286714578768,-20.511360547737183,-1.6413285481545834,0.0
2020-11-18,383.5370788574219,443.3035888671875,0.9103248892988173,-20.013211603868967,-1.5566216554477226,0.0
2020-11-19,382.5902404785156,437.8134765625,0.9200287839730825,-20.210759970308914,-1.4953811513898139,0.0
2020-11-20,379.64990234375,441.1075134277344,0.9183115330382303,-25.424214546754513,-1.5216534256080343,0.0
2020-11-23,382.7397766113281,449.1930236816406,0.9118607911828029,-26.861729356808212,-1.4724863790473361,0.0
2020-11-24,398.3384094238281,469.1571350097656,0.8991819566084092,-23.51922119104853,-1.340787093563605,0.0
2020-11-25,396.992919921875,470.15533447265625,0.8873285886553011,-20.189349464508098,-1.217061537644011,0.0
2020-11-26,396.5444030761719,460.3728637695313,0.888205874232029,-12.3614788609475,-1.0324131586269472,0.0
2020-11-27,403.52142333984375,462.8684997558594,0.8935937837635799,-10.094990741966285,-0.9530022554457364,0.0
2020-11-30,386.9758605957031,451.38909912109375,0.8922247840176444,-15.764680875533827,-1.0063341899827256,0.0
2020-12-01,404.767333984375,476.0447387695313,0.8865123575401074,-17.252209676766768,-0.9865892566424856,0.0
2020-12-02,416.9770812988281,486.625732421875,0.8841156509008286,-13.256344866430311,-0.8823897139842389,0.0
2020-12-03,419.9672546386719,483.23193359375,0.8872298037041606,-8.770518947292885,-0.7728255725461572,0.0
2020-12-04,421.2629089355469,489.0214538574219,0.886719433812574,-12.361917751108024,-0.7906900986916567,0.0
2020-12-07,410.1993713378906,479.13916015625,0.8843186550985188,-13.51232637651816,-0.7666597851158531,0.0
2020-12-08,399.0859375,473.4493713378906,0.8791736635778331,-17.158280817755212,-0.7753417044037377,0.0
2020-12-09,401.6774597167969,474.5474548339844,0.8741825240746408,-13.163632143172208,-0.6664286600155012,0.0
2020-12-10,401.8269348144531,476.8433532714844,0.8680489494519115,-12.096437045985567,-0.5992246561815172,0.0
2020-12-11,399.2853393554687,474.4476013183594,0.8628253633290097,-10.08008463262189,-0.5166057684871874,0.0
2020-12-14,402.0760803222656,473.84869384765625,0.8599213344243662,-5.396520806453907,-0.38582759588498416,0.0
2020-12-15,401.3285217285156,478.9395446777344,0.851874216078478,-6.66772744281252,-0.3540904443538648,0.0
2020-12-16,395.69720458984375,469.6562194824219,0.8443091345933225,-0.8378316377313695,-0.176870360057732,0.0
2020-12-17,393.4544982910156,471.9521179199219,0.8350657732078748,-0.656561976878038,-0.09147658802688512,0.0
2020-12-18,386.4775085449219,464.8649291992187,0.8272685495652264,1.9093728225425366,0.1063312282649399,0.0
2020-12-21,379.8493347167969,461.0716552734375,0.8214906637097461,1.0832746084694236,0.2643753871878781,0.0
2020-12-22,382.54046630859375,462.169677734375,0.8153278001140675,5.720679681998263,0.8343564650512462,0.0
2020-12-23,384.533935546875,471.1535339355469,0.8062938903422947,4.6457197214625126,1.252588591321,0.0
2020-12-24,384.7333068847656,471.75250244140625,0.7985069814598993,8.035640164124572,1.8252916154910763,0.0
2020-12-29,382.2912292480469,468.1589050292969,0.7919771048625553,11.520095027320338,2.1141734023238175,-1.0
2020-12-30,381.7431640625,471.1535339355469,0.7838235770415979,12.441915757349761,1.97875855563652,-1.0
2020-12-31,377.6067504882813,465.06451416015625,0.7762612929204861,16.595169434880688,2.098423496133901,-1.0
2021-01-04,379.1018371582031,462.5689392089844,0.7692893206271487,23.252492170902656,2.325559619031284,-1.0
2021-01-05,377.35748291015625,465.2641296386719,0.7591076730315119,24.17191211511232,2.131403180012107,-1.0
2021-01-06,414.7842712402344,508.8857421875,0.745686032731796,35.31528103466195,2.5481504891785955,-1.0
2021-01-07,415.6812438964844,511.2814636230469,0.7311393341752848,41.863255006964835,2.5855595673778025,-1.0
2021-01-08,410.3987121582031,507.4882507324219,0.7157076493084332,47.185489174852705,2.517869909713175,-1.0
2021-01-11,406.8603515625,505.89111328125,0.6984376794974368,53.52693632396881,2.477893401862566,-1.0
2021-01-12,411.4453125,510.48284912109375,0.6808073925163891,63.9048150655309,2.5460688152340727,-1.0
2021-01-13,401.8269348144531,498.1051330566406,0.664726733680213,70.72313668836455,2.4443172877768258,-1.0
2021-01-14,406.8603515625,497.30657958984375,0.6501502683059422,83.53634541185266,2.52471750515873,-1.0
2021-01-15,401.9266357421875,488.82177734375,0.6343713497967567,91.83210503858317,2.437262795390714,-1.0
2021-01-18,401.6774597167969,490.0196533203125,0.6136808388451764,100.96178781656494,2.37058585637092,-1.0
2021-01-19,410.0997314453125,475.7453002929687,0.5973514176858404,125.91260185793175,2.614801121254538,-1.0
2021-01-20,406.6610412597656,468.3585510253906,0.5854819066952572,132.445583788392,2.406960933712495,-1.0
2021-01-21,412.24261474609375,470.6544189453125,0.5720690424969469,142.9957919530919,2.31743165465145,-1.0
2021-01-22,406.01312255859375,461.0716552734375,0.5623708818103447,146.71984920471544,2.133671145196156,-1.0
2021-01-25,396.7935791015625,454.084228515625,0.5439481519596765,149.79530216645284,1.9758804536064216,-1.0
2021-01-26,398.88671875,459.1750793457031,0.5383974130440983,151.66804389595487,1.8294642182928709,-1.0
2021-01-27,398.8368225097656,447.3962707519531,0.5247413873634902,164.06948269413405,1.8651848754611873,-1.0
2021-01-28,394.0525817871094,453.7847595214844,0.5151555392014053,160.28284931443903,1.6529631351857075,-1.0
2021-01-29,381.493896484375,443.2037353515625,0.5152518428053708,153.13235510625853,1.4241780767218606,-1.0
2021-02-01,382.4408264160156,445.00054931640625,0.5040274615517327,158.14832915494074,1.40143426926861,-1.0
2021-02-02,390.1653137207031,448.7937316894531,0.48121822296145883,174.19759168086273,1.541637607942871,-1.0
2021-02-03,387.27484130859375,445.39984130859375,0.4510934895375966,186.35787265320843,1.6057902978087133,-1.0
2021-02-04,394.7004089355469,451.38909912109375,0.44356722412114546,194.47899923985875,1.6061910457270316,-1.0
2021-02-05,391.2119140625,447.4959716796875,0.4399477068806102,194.337087483711,1.4928924731781914,-1.0
2021-02-08,389.1187438964844,456.7793884277344,0.4528214998143121,182.27921614437346,1.2283221149511299,-1.0
2021-02-09,393.7036437988281,455.1822204589844,0.4492234268503742,189.22512688288066,1.257335842489146,-1.0
2021-02-10,397.3915100097656,462.4691467285156,0.44564766696694197,191.29321372601026,1.21630561319974,-1.0
2021-02-11,396.0460205078125,459.6741943359375,0.45071068899749855,188.86594766429207,1.1144109507946398,-1.0
2021-02-12,400.48138427734375,462.0698547363281,0.4379634241744675,198.1116884892227,1.202385973586873,-1.0
2021-02-15,409.1029968261719,480.2371826171875,0.43975607728827043,197.91577723046672,1.139826261890729,-1.0
2021-02-16,426.3461608886719,487.5241394042969,0.45882015676479027,202.66025882057292,1.1705281311537903,-1.0
2021-02-17,430.8314514160156,496.60784912109375,0.48030439187149004,192.30852044530002,0.9325582298453553,-1.0
2021-02-18,417.8243103027344,488.2229309082031,0.4837701911816078,181.63660967802807,0.6791233180239377,-1.0
2021-02-19,422.5586853027344,491.6167907714844,0.498381355813369,177.54604257742463,0.5465293420960949,-1.0
2021-02-22,430.2333984375,499.7022705078125,0.5220499761721094,169.36384002574755,0.3027756268303516,0.0
2021-02-23,426.5953979492187,506.4901123046875,0.5386510891131783,153.77394733124282,-0.17885603207582484,0.0
2021-02-24,427.89105224609375,508.4865112304687,0.5571703105411612,144.57746487782185,-0.5655808167547758,0.0
2021-02-25,433.7219543457031,477.1427917480469,0.5592289924041228,166.88987168355266,0.050535940057291055,0.0
2021-02-26,424.8013610839844,461.2713012695313,0.5393954761920995,175.99370788195614,0.3129480787648335,0.0
2021-03-01,418.7711486816406,469.1571350097656,0.5295037137097189,170.35070338055772,-0.010724470336027025,0.0
2021-03-02,422.35931396484375,481.534912109375,0.5295773770853205,167.3493182349506,-0.23711119708341077,0.0
2021-03-03,431.4793090820313,496.1087341308594,0.5400985141157949,163.53171893808621,-0.5245733820349222,0.0
2021-03-04,425.1002502441406,476.5303039550781,0.5411076547913343,167.24605503400664,-0.3818667896950865,0.0
2021-03-05,436.1638793945313,498.4948425292969,0.5635419086437707,155.24114438649542,-1.1235070756043812,0.0
2021-03-08,454.0050659179687,508.1792297363281,0.6099827684390965,144.02449250015565,-1.7475520134001483,0.0
2021-03-09,445.88189697265625,497.5962829589844,0.6369324947068645,128.94665511072748,-2.3819166280952664,1.0
2021-03-10,444.6360473632813,493.2033996582031,0.6576964107550841,120.25794163587585,-2.4637139653383966,1.0
2021-03-11,423.757568359375,483.71875,0.6617005911897554,103.6805855148055,-2.7289791130177563,1.0
2021-03-12,427.0974426269531,489.3097229003906,0.6692502029528806,99.62681126904891,-2.5073517927731457,1.0
2021-03-15,422.7107543945313,491.8056335449219,0.6711987529065027,92.61142648678731,-2.398770446149763,1.0
2021-03-16,421.5144348144531,490.50775146484375,0.6720867620024198,91.85066839535858,-2.1379190842450715,1.0
2021-03-17,429.2907409667969,499.7927856445313,0.6715458789521658,93.65695543718874,-1.877938979922425,1.0
2021-03-18,440.2073974609375,502.3885498046875,0.6748148032687773,101.18816706000098,-1.5352746104344261,1.0
2021-03-19,429.5399475097656,489.8088989257813,0.6699703743886208,101.38249611758175,-1.4189107468305082,1.0
2021-03-22,423.7077026367187,485.8153381347656,0.6660223598318034,100.14382468971661,-1.347330294312568,1.0
2021-03-23,423.0597839355469,483.419189453125,0.6612911660673868,103.37894444273888,-1.177887073325666,1.0
2021-03-24,422.41168212890625,487.2131042480469,0.6531293108583062,104.19852311024329,-1.0822992058837828,1.0
2021-03-25,420.1186828613281,492.1051330566406,0.644404924444963,103.00371177498516,-1.0428584830866348,1.0
2021-03-26,421.4147644042969,499.1937255859375,0.6259207397800992,108.95905839196303,-0.8294605251879561,1.0
2021-03-29,416.8287048339844,501.1905517578125,0.6011216356604657,115.55222058375682,-0.5993627082105004,1.0
2021-03-30,429.3406066894531,512.7718505859375,0.579223056787545,132.33132795846007,-0.06125844781029526,0.0
2021-03-31,421.9131774902344,498.6945190429687,0.5944684955725245,125.4549970044971,-0.21400731109868767,0.0
2021-04-01,421.9131774902344,489.4095153808594,0.6160594935130373,120.40779932424107,-0.32484437269561445,0.0
2021-04-06,425.5520629882813,495.3000183105469,0.640313930996787,108.40456124107448,-0.6764657400520702,0.0
2021-04-07,432.6305236816406,499.0938720703125,0.6707348556314675,97.87086745200946,-0.982012248647429,0.0
2021-04-08,438.662109375,503.7862854003906,0.7093398617964923,81.30641531411868,-1.4563208836018666,0.0
2021-04-09,436.0700378417969,496.69775390625,0.735306122799835,70.8451382136056,-1.664943524921683,0.0
2021-04-12,431.2348327636719,496.0987243652344,0.7532975753848262,57.524866547835586,-1.9366413711450585,0.0
2021-04-13,425.6018676757813,490.7074890136719,0.7610979395752111,52.12540885335011,-1.971355475583792,0.0
2021-04-14,427.5959167480469,490.8072814941406,0.7712556180449265,49.05804351833325,-1.9309141452451537,0.0
2021-04-15,419.8694763183594,485.8153381347656,0.770037172438316,45.77360701390006,-1.9050653511353242,0.0
2021-04-16,426.15032958984375,493.2033996582031,0.7685917009769719,47.07828971892013,-1.7565080012872214,0.0
2021-04-19,426.79833984375,494.4014587402344,0.7689535675160458,46.62657436030963,-1.7028964868954877,0.0
2021-04-20,415.9812927246094,474.2340393066406,0.7710532229052857,50.32160830583217,-1.5083699578564642,0.0
2021-04-21,414.5856628417969,473.7348327636719,0.7697391856618495,49.93339845063559,-1.4427372965097982,0.0
2021-04-22,414.2366333007813,478.0279541015625,0.7676079692375547,47.29856621409789,-1.4363243916414552,0.0
2021-04-23,417.72601318359375,479.02630615234375,0.7794041582435508,44.370918260408814,-1.4323475175032065,0.0
2021-04-26,421.4645385742187,483.419189453125,0.7754229581753238,46.610200649759236,-1.2589583559154145,0.0
2021-04-27,439.0609436035156,488.6107482910156,0.7622737361641879,66.60580297374355,-0.5288699885316432,0.0
2021-04-28,442.0019836425781,493.0037536621094,0.7480132849257372,73.22862638506479,-0.2772018173874913,0.0
2021-04-29,452.9186706542969,520.7588500976562,0.7469712079737824,63.92680333381276,-0.5658293278177419,0.0
2021-04-30,451.4231262207031,518.7621459960938,0.7417752797568832,66.6181902471696,-0.4417123336120445,0.0
2021-05-04,439.8584899902344,504.1856384277344,0.7393389746225963,67.09439705563415,-0.3888388477741873,0.0
2021-05-05,453.0184020996094,514.1694946289062,0.7464913122799594,69.19534131975365,-0.2810779669998155,0.0
2021-05-06,453.7660217285156,519.1614990234375,0.7269767319691055,76.34769180427509,-0.0012132300287464662,0.0
2021-05-07,449.8280334472656,515.7670288085938,0.7137530245645161,81.69775666447794,0.21869827239749126,0.0
2021-05-10,453.0184020996094,520.5591430664062,0.6999789600109023,88.63795451181983,0.49622389729893956,0.0
2021-05-11,438.662109375,507.1808471679687,0.669556788703766,99.07573005315936,0.8890057862574489,0.0
2021-05-12,442.55029296875,508.37890625,0.6482362203114714,113.00067229517009,1.3889627936906617,0.0
2021-05-13,442.4007568359375,506.5818176269531,0.635734803550675,120.34906452452259,1.6372072288845978,0.0
2021-05-14,447.4354248046875,506.1824645996094,0.6463046562515689,120.28734102106506,1.6979464451334072,0.0
2021-05-17,442.05181884765625,497.3966369628906,0.6486636519252401,119.40869985997472,1.6963594759259422,0.0
2021-05-18,445.3418273925781,504.78466796875,0.6494853360943141,117.49158766163777,1.6378437686836773,0.0
2021-05-19,441.9521484375,500.7911987304687,0.6503350929090749,116.27005768307367,1.5581760288213446,0.0
2021-05-20,444.5941467285156,503.1872863769531,0.6578567122195368,113.56901288190272,1.4042761181404588,0.0
2021-05-21,443.09857177734375,506.1824645996094,0.6757963471373638,101.0223112159398,0.9058493511683486,0.0
2021-05-24,445.1921997070313,505.18408203125,0.6990564941242535,92.03998643488637,0.5517768645283536,0.0
2021-05-25,448.5819396972656,507.1808471679687,0.733966181101022,76.32835017381058,-0.038278354075893105,0.0
2021-05-26,445.49127197265625,497.1969299316406,0.8054938660620311,45.00219468784627,-1.1593623951808985,0.0
2021-05-27,448.8311462402344,505.7831115722656,0.8405012516179448,23.71980791652652,-1.8151914985332092,0.0
2021-05-28,453.9156799316406,506.9811401367187,0.8579271357102902,18.96280251500832,-1.8614191693535087,0.0
2021-06-01,444.94293212890625,501.5898742675781,0.8610643911830547,13.041752419109173,-1.91289335489298,0.0
2021-06-02,450.3265686035156,504.1856384277344,0.8948604755527522,-0.8492315667947423,-2.131576385376507,1.0
2021-06-03,447.9338989257813,503.5866088867187,0.9005775528804104,-5.584896968764156,-2.056422656371073,1.0
2021-06-04,442.6001281738281,495.100341796875,0.8828416349084708,5.504932978132331,-1.6426108827332684,1.0
2021-06-07,444.14544677734375,498.6945190429687,0.8843060267073657,3.1468781017154015,-1.5970399262439776,1.0
2021-06-08,442.9490661621094,502.3885498046875,0.8962315539072507,-7.3074044945559535,-1.7240780677866345,1.0
2021-06-09,436.7678527832031,496.4980773925781,0.8988257057394968,-9.497382027484207,-1.651407294759536,1.0
2021-06-10,434.8238220214844,496.69775390625,0.8985235559578195,-11.470810054621325,-1.564307165177615,1.0
2021-06-11,435.6214294433594,493.0037536621094,0.8878110928160576,-2.072771857816406,-1.2726322719309042,1.0
2021-06-14,438.1138916015625,490.50775146484375,0.868422981211567,12.145687767080517,-0.9269036289163061,1.0
2021-06-15,434.8238220214844,488.7106628417969,0.8596085355058094,14.723964849973981,-0.8289204404929944,1.0
2021-06-16,436.7180786132813,484.5173950195313,0.8353037618577552,31.998875867946822,-0.4546259220981133,0.0
2021-06-17,438.0639953613281,484.61724853515625,0.811349927259907,44.86982601343283,-0.1788525808877909,0.0
2021-06-18,428.0943908691406,467.9442138671875,0.747119145640589,78.48430959723044,0.4980031120304029,0.0
2021-06-21,425.2530517578125,470.8395690917969,0.7146418972435155,88.77136880473148,0.698616844172121,0.0
2021-06-22,422.4615173339844,465.3484191894531,0.6770014586431055,107.41995876546133,1.0491545146543715,0.0
2021-06-23,419.6202087402344,462.4530944824219,0.6494896348982876,119.26171724726288,1.2527177833203784,0.0
2021-06-24,423.3089904785156,464.3500671386719,0.6319351673697835,129.8698530830688,1.4287228356146338,0.0
2021-06-25,426.2499694824219,468.44342041015625,0.6259506280588015,133.02751626667134,1.4647832172741408,0.0
2021-06-28,419.1217346191406,459.6575622558594,0.6366402154038426,126.4852451725651,1.3289922535574732,0.0
2021-06-29,420.01898193359375,459.2582092285156,0.6270351609646332,132.04793678566227,1.4114282003348695,0.0
2021-06-30,416.03118896484375,460.2566223144531,0.6219722800567359,129.76432817271137,1.347498214633864,0.0
2021-07-01,422.0627746582031,466.845947265625,0.6195294268559796,132.83797251869362,1.3763160294206935,0.0
2021-07-02,415.3830871582031,455.763916015625,0.6172826678368488,134.0479211763086,1.364847436039568,0.0
2021-07-05,421.8135681152344,458.65924072265625,0.6079950002347881,142.95104294437522,1.4579887693079672,0.0
2021-07-06,415.2335510253906,450.1729431152344,0.5989115059920324,145.6197957073801,1.427069501511144,0.0
2021-07-07,416.6792297363281,450.6720886230469,0.590856348987501,150.3967648619432,1.4145971128726544,0.0
2021-07-08,409.3515930175781,445.28082275390625,0.5897900395606903,146.72939894993505,1.263437001169294,0.0
2021-07-09,412.8409118652344,453.36773681640625,0.5913320000712363,144.75006128581896,1.1496589456815243,0.0
2021-07-12,411.5946960449219,454.0665893554687,0.593236831294892,142.2256713788047,1.03783700428625,0.0
2021-07-13,410.9466857910156,447.9764404296875,0.5948362724485224,144.47404982106275,1.0036511581835015,0.0
2021-07-14,409.8002014160156,445.48046875,0.5968571619862247,143.91199311759755,0.9321746275204601,0.0
2021-07-15,407.5071716308594,439.78961181640625,0.5904785316352388,147.82084741707615,0.9336409170259483,0.0
2021-07-16,402.0238952636719,433.9990234375,0.587760052878402,146.93660629887202,0.8611107279475144,0.0
2021-07-19,390.608642578125,418.42425537109375,0.5912221398866502,143.22695893714877,0.7466561995199533,0.0
2021-07-20,394.5964965820313,420.6206359863281,0.5910316805455941,145.9963752228752,0.7452197185728537,0.0
2021-07-21,400.6280822753906,428.9072570800781,0.5910052787164051,147.14162926129026,0.7220978601394692,0.0
2021-07-22,399.4815979003906,428.00872802734375,0.5911757873333945,146.45320112326098,0.6715807017874004,0.0
2021-07-23,400.3789367675781,431.0038757324219,0.5916330606579757,145.38279461255556,0.6129025349888061,0.0
2021-07-26,401.6749267578125,432.8009948730469,0.5940873840903796,144.55331588197026,0.555434720151188,0.0
2021-07-27,402.0736999511719,431.6029357910156,0.5957544827502023,144.9443161855266,0.5411386354457685,0.0
2021-07-28,395.3941345214844,431.103759765625,0.6038111029654055,135.0888978448691,0.12253650786698368,0.0
2021-07-29,399.7807312011719,436.0956115722656,0.6058278747537269,135.5818536529194,0.022008731154143705,0.0
2021-07-30,396.2415466308594,431.3034057617187,0.6102426296239428,133.04182213306575,-0.30009284229011596,0.0
2021-08-02,394.9454650878906,435.9957885742187,0.6184783336679711,125.29151628425478,-1.3007708504658797,0.0
2021-08-03,396.8396911621094,440.2888488769531,0.6265289974890432,120.98596006962708,-2.0256314395610184,1.0
2021-08-04,399.18255615234375,444.282470703125,0.6377006363942946,115.86334184613139,-2.5185133940810993,1.0
2021-08-05,401.6749267578125,450.4724426269531,0.6464751573840504,110.45568351337539,-2.6740578179121837,1.0
2021-08-06,408.6038208007813,458.4595031738281,0.652511475837781,109.45373377297085,-2.4096302481176513,1.0
2021-08-09,409.5011291503906,463.2518005371094,0.6536909591105378,106.67761534760405,-2.3586390925961567,1.0
2021-08-10,408.7034912109375,460.4562683105469,0.6548370502315549,107.17966670982958,-2.0772475932102723,1.0
2021-08-11,411.4451599121094,465.6478576660156,0.6560562298755734,105.9539819621055,-1.9646907868949601,1.0
2021-08-12,408.7034912109375,460.785400390625,0.6586525428946438,105.20601551492575,-1.8328083815290384,1.0
2021-08-13,410.2488403320313,464.18017578125,0.6595937002819061,104.07852059097098,-1.7388864603463725,1.0
2021-08-16,403.9679565429687,455.49365234375,0.6662459284803802,100.49716522028746,-1.7729742062526226,1.0
2021-08-17,404.615966796875,451.4000549316406,0.6700608162047894,102.15047755449308,-1.5443023131885685,1.0
2021-08-18,404.21728515625,453.8961486816406,0.6715820194127949,99.38879302094358,-1.5668516483698978,1.0
2021-08-19,392.9513854980469,444.2111206054687,0.6737666258589218,93.6567575986897,-1.7153155073803579,1.0
2021-08-20,394.995361328125,447.0068054199219,0.6763328852025781,92.66995891328185,-1.6217367620488994,1.0
2021-08-23,394.0980224609375,449.30322265625,0.6715798167483077,92.35504652502902,-1.5100472694018325,1.0
2021-08-24,389.26214599609375,447.3063354492187,0.6762899926844949,86.75334766741344,-1.6389526208021803,1.0
2021-08-25,397.6377258300781,461.1847839355469,0.6651246074895497,90.8923774347947,-1.3421640973060156,1.0
2021-08-26,394.29736328125,458.38922119140625,0.6564322773267232,93.39588291255217,-1.1492399588718554,1.0
2021-08-27,393.7989196777344,457.0911560058594,0.6474074137009573,97.87471654240017,-0.8787382613035859,1.0
2021-08-31,385.0743713378906,454.0958251953125,0.6390389129299265,94.88946883906016,-0.959322816656263,1.0
2021-09-01,385.622802734375,457.4906005859375,0.6296393945630031,97.56869796318063,-0.7745632660650946,1.0
2021-09-02,386.1213073730469,459.0880432128906,0.6204124231380749,101.29738204962018,-0.5351377926223541,1.0
2021-09-03,383.3294372558594,452.6979675292969,0.6226738519100804,101.44625006252761,-0.47616223882461184,0.0
2021-09-06,386.1213073730469,458.5888977050781,0.6042904889093196,109.00039817045928,0.0242426824334865,0.0
2021-09-07,381.3851623535156,458.38922119140625,0.5664491839068042,121.73096209796802,0.9259404110525972,0.0
2021-09-08,379.44085693359375,451.7994079589844,0.5407248203782989,135.14170321795012,1.9387446238488968,0.0
2021-09-09,375.3527526855469,442.7134704589844,0.5170244751834134,146.45905296486288,2.548596478432087,-1.0
2021-09-10,374.305908203125,439.3187561035156,0.48530980371253535,161.10020891129264,3.0257851697168667,-1.0
2021-09-13,379.2413940429687,448.9038391113281,0.45604229804104424,174.52225565519143,3.1190078494731264,-1.0
2021-09-14,371.8130798339844,438.5199890136719,0.45489830546233706,172.3310799203024,2.5873675399655105,-1.0
2021-09-15,371.3643798828125,440.21734619140625,0.4551945063025544,170.97986231739463,2.2350637265952624,-1.0
2021-09-16,367.8247985839844,440.6167297363281,0.46144983949650736,164.5022793676798,1.8059832270422347,-1.0
2021-09-17,374.9539489746094,441.3156127929687,0.4478492368984172,177.31108855392097,2.026043707092499,-1.0
2021-09-20,360.6457824707031,410.3636474609375,0.49087590345277543,159.2081562791392,1.3185816558630528,-1.0
2021-09-21,358.7015075683594,409.3652038574219,0.5439139687253856,136.04205488019252,0.5281103758562845,-1.0
2021-09-22,374.305908203125,428.7351684570313,0.544548840585424,140.83866930165217,0.6451226958518536,-1.0
2021-09-23,375.7515563964844,433.3280029296875,0.543134106323985,140.39633878011142,0.5922653622611532,-1.0
2021-09-24,374.3556823730469,428.0362548828125,0.5302388697767868,147.39422236049575,0.7694216343812288,-1.0
2021-09-27,384.8250732421875,434.42633056640625,0.5182609803552144,159.67885727072334,1.089728115985406,-1.0
2021-09-28,384.2268676757813,433.0285339355469,0.49388526148855266,170.36045696101914,1.3267710683980802,-1.0
2021-09-29,392.35308837890625,436.5231018066406,0.480657608287795,182.53493830215672,1.5672320400787632,-1.0
2021-09-30,388.9131774902344,435.3248901367187,0.46692479351009886,185.64919305334053,1.5310464297074096,-1.0
2021-10-01,387.51715087890625,431.6306762695313,0.46351699659324697,187.44899617694102,1.469219697150664,-1.0
2021-10-04,383.0802612304687,428.0362548828125,0.45094059923285956,190.06133596022423,1.437642854494538,-1.0
2021-10-05,391.85455322265625,441.1159362792969,0.43490535849023526,200.01086881935288,1.5962876351025839,-1.0
2021-10-06,405.11578369140625,449.802490234375,0.43341443101054,210.16489331935063,1.7475311664503097,-1.0
2021-10-07,414.83734130859375,471.2692260742187,0.4572180976757128,199.36452226983405,1.362474148664036,-1.0
2021-10-08,418.3271789550781,480.0555419921875,0.49120622608182846,182.520907863429,0.83475396865229,-1.0
2021-10-11,429.5443115234375,490.938720703125,0.5483077881393171,160.35878746276103,0.13343828374940078,0.0
2021-10-12,427.7496032714844,490.4394836425781,0.5996979359250589,133.63405723487858,-0.768446638969596,0.0
2021-10-13,423.3125305175781,477.0602416992187,0.6490651449957803,113.66935556735274,-1.479782582451741,0.0
2021-10-14,424.75836181640625,484.6484375,0.6846828466002034,92.92789002856551,-2.124042202934169,1.0
2021-10-15,432.9344482421875,491.73736572265625,0.7271571038166404,75.36412954487668,-2.510359171013375,1.0
2021-10-18,431.5385437011719,492.4363403320313,0.7568271764240811,58.84933867907273,-2.6690031659952687,1.0
2021-10-19,430.840576171875,493.5346374511719,0.7793482310164105,46.20522952897869,-2.607499775853492,1.0
2021-10-20,432.037109375,488.2428588867187,0.8110874619694585,36.0294481358589,-2.4648829497121794,1.0
2021-10-21,433.48284912109375,484.0494079589844,0.8419496317239792,25.937628353816706,-2.331880568124236,1.0
2021-10-22,433.53265380859375,488.14300537109375,0.8649907897568407,11.29345007837361,-2.279079838678771,1.0
2021-10-25,441.7586669921875,488.3427429199219,0.90232038171169,1.1170567945498533,-2.1650471991489755,1.0
2021-10-26,445.8466796875,494.73284912109375,0.9306346175773461,-14.568836157259966,-2.1360777321541136,1.0
2021-10-27,443.4038391113281,490.938720703125,0.9532388168719357,-24.578006168340437,-2.0351442636813966,1.0
2021-10-28,439.1163940429687,487.7436218261719,0.9693598023491345,-33.68266680750031,-1.9385215517502348,1.0
2021-10-29,440.213134765625,494.1336669921875,0.9768512510724175,-42.48195603269471,-1.8554866127997802,1.0
2021-11-01,445.19866943359375,505.0168151855469,0.9747415419830049,-47.062199727712425,-1.7384233443932622,1.0
2021-11-02,443.25433349609375,465.37835693359375,0.9817573670092355,-13.634296870115463,-1.254113029178887,1.0
2021-11-03,443.2044067382813,460.785400390625,0.9841240107396023,-10.265569584394086,-1.136253845009729,1.0
2021-11-04,432.2364807128906,446.707275390625,0.9682935687643855,-0.30730116811281505,-0.9608076319159107,1.0
2021-11-05,435.9756164550781,457.7900695800781,0.967474736341222,-6.92471041153766,-0.9687347322923499,1.0
2021-11-08,432.8845825195313,451.2003479003906,0.9592524897215824,0.06952543283745172,-0.8339006590392579,1.0
2021-11-09,428.4475708007813,447.7057189941406,0.9482343616604593,3.9176241386354036,-0.737629867646414,1.0
2021-11-10,430.0428466796875,451.0006713867187,0.9425159800518086,4.9675068836106675,-0.6737420338659076,1.0
2021-11-11,432.2863159179687,457.1910400390625,0.9422743504466682,1.4869256351244076,-0.6613731849500676,1.0
2021-11-12,432.9344482421875,460.8852844238281,0.9448931928366535,-2.5529196884726275,-0.6570364565270905,1.0
2021-11-15,435.4271545410156,473.7652893066406,0.9522451330719239,-15.713536419644925,-0.7648700466917875,1.0
2021-11-16,438.717529296875,467.5749206542969,0.9578332372019487,-9.141270587874487,-0.6346157481136173,1.0
2021-11-17,438.3186645507813,465.8775329589844,0.9605625447506986,-9.185844050478181,-0.5934166478394001,1.0
2021-11-18,437.720458984375,460.2862243652344,0.9621676902264321,-5.152074356167873,-0.4884610942183473,0.0
2021-11-19,430.4417724609375,450.8009033203125,0.9538122691708552,0.46233992071893226,-0.33695306942853387,0.0
2021-11-22,435.6764526367187,454.2955017089844,0.948159970275255,4.931643240146002,-0.17439323616181085,0.0
2021-11-23,441.6589660644531,454.994384765625,0.9402722139893366,13.84038854816282,0.14347577272270948,0.0
2021-11-24,442.0578308105469,451.5997009277344,0.9300466770016058,22.049029627788514,0.5276710528798113,0.0
2021-11-25,442.5065002441406,451.0006713867187,0.9205923764149717,27.318720407493515,0.8867185745049432,0.0
2021-11-26,412.8431396484375,410.9627075195313,0.8548767168638517,61.520689490661255,2.2640261470488685,-1.0
2021-11-29,415.2362060546875,413.5586853027344,0.80630281319762,81.78267467278357,2.802886157974805,-1.0
2021-11-30,418.1277770996094,415.5556335449219,0.7656450091877172,99.95968023610004,2.943287065161861,-1.0
2021-12-01,427.9490356445313,428.9348449707031,0.7368319953446508,111.89611795191968,2.7943689003837924,-1.0
2021-12-02,430.3420104980469,427.4371948242187,0.6996959359929884,131.26594238729786,2.7599532220669256,-1.0
2021-12-03,428.4475708007813,425.2405395507813,0.6608590685599682,147.42350391931365,2.628215816416754,-1.0
2021-12-06,436.02545166015625,434.0269470214844,0.6371659327010984,159.47826714380193,2.4530286494675115,-1.0
2021-12-07,442.2073669433594,438.2204284667969,0.6068151065530382,176.28859094956198,2.375209036531757,-1.0
2021-12-08,439.0166320800781,432.6291198730469,0.5730889942661475,191.08164488178514,2.2814555767891704,-1.0
2021-12-09,439.166259765625,429.7336120605469,0.5361299129197018,208.7732157529351,2.2354803643573478,-1.0
2021-12-10,437.3714599609375,424.1422729492187,0.49894595643523537,225.7473879196749,2.1867092292424686,-1.0
2021-12-13,430.0428466796875,417.153076171875,0.43142605355224817,250.0721412996751,2.2130730030568047,-1.0
2021-12-14,433.4329833984375,419.5494079589844,0.3575837838348042,283.40891859481195,2.278330371182004,-1.0
2021-12-15,431.0400085449219,413.3589782714844,0.3099314301499978,302.92706924389887,2.1931365112357732,-1.0
2021-12-16,446.9435119628906,429.4340515136719,0.2693639833014386,331.2694452818928,2.1810313841991458,-1.0
2021-12-17,444.1516418457031,431.2312622070313,0.22614885227831094,346.6291868310556,2.0689568662541657,-1.0
2021-12-20,440.5122985839844,425.4402770996094,0.19370345489446933,358.1030470585297,1.948298738991154,-1.0
2021-12-21,443.90240478515625,434.326416015625,0.16311444994274565,373.05749034116343,1.8706129363460187,-1.0
2021-12-22,443.30419921875,432.6291198730469,0.13893658430358682,383.19618703332185,1.7736153883893069,-1.0
2021-12-23,446.5945129394531,439.8179016113281,0.11406555347922004,396.42644056208786,1.7115590943612493,-1.0
2021-12-24,446.3951110839844,440.6167297363281,0.08484811953801512,409.0096101288671,1.6552975306570672,-1.0
2021-12-29,448.0901489257813,446.307861328125,0.04951947728543693,425.9892169244313,1.636729216120775,-1.0
2021-12-30,447.2924499511719,446.507568359375,0.031869370150197106,433.0625349802625,1.562155979732218,-1.0
2021-12-31,447.3423156738281,447.7057189941406,0.025324565111963897,436.0043630421624,1.4751691215351297,-1.0
2022-01-04,470.125732421875,462.08343505859375,0.03938814163584857,451.9251246342077,1.4768088933667416,-1.0
2022-01-05,466.9350891113281,459.4874572753906,0.054761257178489335,441.77297829318036,1.325431743722332,-1.0
2022-01-06,476.8560485839844,476.56097412109375,0.08519762437770621,436.2541857177417,1.2167645061631318,-1.0
2022-01-07,480.8943176269531,486.2459411621094,0.13029411616281072,417.539332485482,1.0306044718008078,-1.0
2022-01-10,490.5660095214844,491.73736572265625,0.1843327919461454,399.92268799358436,0.855608780025892,-1.0
2022-01-11,493.5572204589844,492.0369873046875,0.24284774172049872,374.0671492490833,0.6172890169186674,-1.0
2022-01-12,499.73919677734375,499.8249206542969,0.31060003057104923,344.4935611419469,0.3329285798413708,0.0
2022-01-13,511.5048522949219,510.608154296875,0.39777219367158073,308.39912665365694,-0.03046917594022932,0.0
2022-01-14,515.09423828125,522.389892578125,0.4866211190719722,260.88828416299543,-0.5292649530075137,0.0
2022-01-17,517.4873657226562,526.1839599609375,0.5592797204794362,223.2033476749403,-0.9693720289171052,0.0
2022-01-18,514.49609375,514.6019287109375,0.6135796303624224,198.74683254775334,-1.2812253863435137,0.0
2022-01-19,511.0062561035156,513.4038696289062,0.6621645576648549,171.04840986726606,-1.5973867841983358,0.0
2022-01-20,508.8126831054687,511.007568359375,0.7003980004960697,150.90400398820378,-1.7950993439857592,0.0
2022-01-21,503.9269104003906,510.4084777832031,0.735111292993248,128.71987434246472,-1.9511173923357163,0.0
2022-01-24,490.7155456542969,487.14453125,0.7627009329158546,119.1699572050652,-1.9435875180318312,0.0
2022-01-25,507.9151916503906,511.4069519042969,0.7940314205867793,101.84200313186705,-1.9690420382099396,0.0
2022-01-26,521.1765747070312,523.1885375976562,0.8347817706556179,84.42832090453646,-1.9616191371751825,0.0
2022-01-27,536.73095703125,545.3543701171875,0.8799843063912227,56.827669906254584,-1.9962466718262546,0.0
2022-01-28,526.7603149414062,533.3728637695312,0.8871728816396262,53.56637440261147,-1.8396677315074081,0.0
2022-01-31,526.0621337890625,535.9688720703125,0.8889909237450512,49.590671108682216,-1.7092958610547666,0.0
2022-02-01,541.9159545898438,544.5556030273438,0.8959774667023482,54.0064049108347,-1.5441890295195362,0.0
2022-02-02,544.8074951171875,551.145263671875,0.9000480719851511,48.75026316556864,-1.4591303685684973,0.0
2022-02-03,544.7075805664062,553.9409790039062,0.899708167794083,46.32235728074113,-1.3671684735654939,0.0
2022-02-04,543.41162109375,554.1408081054688,0.8967907094675315,46.463292647935475,-1.2706386113882902,0.0
2022-02-07,555.2769165039062,567.5199584960938,0.8939395535603966,47.94837816929339,-1.1764016862328477,0.0
2022-02-08,561.8575439453125,570.515380859375,0.8945434043995618,51.50677288905456,-1.0791104483968956,0.0
2022-02-09,559.16552734375,562.1282348632812,0.897644507527269,54.5742047927269,-0.9925198417750165,0.0
2022-02-10,560.0628662109375,565.1235961914062,0.901005204907424,50.8835646264792,-0.9524444967282516,0.0
2022-02-11,565.5468139648438,557.1360473632812,0.9087727292275048,59.236767651490254,-0.8432282312571359,0.0
2022-02-14,556.572998046875,549.34814453125,0.9131617102475954,54.92930686537551,-0.8177096603186972,0.0
2022-02-15,553.1829833984375,551.145263671875,0.9139431441407369,49.46754823988863,-0.8064657886424681,0.0
2022-02-16,546.7017822265625,547.75048828125,0.9113241981287222,47.523507719036274,-0.7754797140082216,0.0
2022-02-17,538.5256958007812,557.1360473632812,0.9019400625231645,36.022374408034636,-0.8250126608292713,0.0
2022-02-18,542.813232421875,578.3031616210938,0.8846829892600311,31.198262700398914,-0.8329352571322648,0.0
2022-02-21,545.206298828125,571.1143188476562,0.8743673811015508,45.842567547703766,-0.6683418648429017,0.0
2022-02-22,545.4057006835938,579.9007568359375,0.8606068275083395,46.339150073332576,-0.634557513000523,0.0
2022-02-23,546.203369140625,574.1096801757812,0.8500031168762321,58.20835156239417,-0.45449244347304396,0.0
2022-02-24,512.2026977539062,514.0833740234375,0.8461785541297971,77.1963716205862,-0.10534356854685721,0.0
2022-02-25,536.4320068359375,558.8209838867188,0.8383608662136612,67.93836272629756,-0.18376475923853983,0.0
2022-02-28,513.1000366210938,532.058349609375,0.8319561659922635,70.4508119959068,-0.037148411971033655,0.0
2022-03-01,493.95611572265625,507.4925842285156,0.8284095523254501,73.54441121342586,0.1695988788504836,0.0
2022-03-02,506.3199157714844,524.4689331054688,0.8232798106989289,74.53523180694486,0.35938084525437014,0.0
2022-03-03,494.0059509277344,497.3067626953125,0.8201486741712483,86.14046884677822,1.0404541017226867,0.0
2022-03-04,466.2869873046875,468.5469055175781,0.8193452773580213,82.38529304814483,1.1043621254960174,0.0
2022-03-07,464.6915893554687,449.7730407714844,0.8149641842778016,98.14267007298952,2.1591427330827684,-1.0
2022-03-08,468.9791259765625,463.0545959472656,0.8138802960511105,92.10811433917462,1.9126432643632445,-1.0
2022-03-09,487.57476806640625,492.41357421875,0.8147601396364337,86.3758155770621,1.5593396081528101,-1.0
2022-03-10,474.2481384277344,488.9184875488281,0.8162192790507752,75.18344300603451,0.8524588546605253,-1.0
2022-03-11,478.3871154785156,486.9212646484375,0.8183948484641265,79.89326088259679,1.0571062721599254,-1.0
2022-03-14,488.2112731933594,490.4163513183594,0.8219428320980161,85.11706848357142,1.2615692337293654,-1.0
2022-03-15,478.3871154785156,470.8436584472656,0.8253877967063447,89.75850563957238,1.4083493989114457,-1.0
2022-03-16,493.0484924316406,499.5037536621094,0.828200892514307,79.35903783443513,0.789419683224243,-1.0
2022-03-17,499.2820129394531,500.3026123046875,0.8320867911306012,82.98681767258847,0.9227095196435999,-1.0
2022-03-18,499.6809387207031,505.695068359375,0.8333002034806188,78.28513535769048,0.6174167134370837,-1.0
2022-03-21,499.4814758300781,505.2956237792969,0.8355175665632105,77.29810585496045,0.5168886350417494,-1.0
2022-03-22,515.2398681640625,518.4771728515625,0.8354840567993688,82.06045643217152,0.7312350106842407,-1.0
2022-03-23,508.3580932617187,511.2872924804687,0.8343599786939413,81.76043880123189,0.6659402825193386,-1.0
2022-03-24,516.2373657226562,501.90032958984375,0.8268803002229558,101.22587050940581,1.6270820427841493,-1.0
2022-03-25,515.4393310546875,503.8975830078125,0.8178190541968542,103.34228630715745,1.5985408798500524,-1.0
2022-03-28,517.3343505859375,501.3012390136719,0.8043739289596089,114.1007033681903,1.9512125993853446,-1.0
2022-03-29,525.6124267578125,512.485595703125,0.80404799792492,113.54940956735487,1.765455048080957,-1.0
2022-03-30,525.2135620117188,509.2900695800781,0.8009066398967396,117.31976365156169,1.7952855815671702,-1.0
2022-03-31,524.0167846679688,509.4897766113281,0.7945027831514351,119.22573916306561,1.793490184153846,-1.0
2022-04-01,527.507568359375,509.09033203125,0.7849569020339183,127.89359847270612,2.134329852129,-1.0
2022-04-04,523.7174072265625,500.5023498535156,0.774490471533423,136.08310628492694,2.325455338248975,-1.0
2022-04-05,526.3106689453125,498.9045104980469,0.763043510157862,145.62482002129292,2.514918133252205,-1.0
2022-04-06,522.81982421875,496.9073181152344,0.7519208441479418,149.1848541182531,2.3771948082772596,-1.0
2022-04-07,520.0271606445312,493.7117614746094,0.7412645527180093,154.05613260343443,2.264755292937664,-1.0
2022-04-08,528.604736328125,508.4912109375,0.7370663452325925,153.81297789952663,2.02842742199071,-1.0
2022-04-11,531.89599609375,513.8836059570312,0.735290281483811,154.04237481968863,1.8523956681311893,-1.0
2022-04-12,517.9328002929688,500.7020263671875,0.730587403503021,152.12620692066406,1.6387524544862262,-1.0
2022-04-13,516.8357543945312,501.70068359375,0.7265216765070655,152.33933264525922,1.5224186795298416,-1.0
2022-04-14,521.0245971679688,507.6922912597656,0.7234772892496949,153.72075451438695,1.4505512605279027,-1.0
2022-04-19,524.2161865234375,507.6922912597656,0.7189262862199798,159.2228530255419,1.5096734725238177,-1.0
2022-04-20,536.5835571289062,513.8836059570312,0.7129146078048436,170.2284277307105,1.7037949725205226,-1.0
2022-04-21,535.486572265625,523.4702758789062,0.7123070306536815,162.6150144188578,1.3595084619042628,-1.0
2022-04-22,521.9222412109375,514.6825561523438,0.7118136495439902,155.56417255950805,1.0703891814229591,-1.0
2022-04-25,500.2794189453125,496.6077270507813,0.7144137603557875,145.49602524122326,0.7121187825258748,-1.0
2022-04-26,472.60247802734375,481.728515625,0.728872226998302,121.4839420351637,-0.07954583158238049,0.0
2022-04-27,485.0196228027344,479.0322570800781,0.7344541529409995,133.19239219757048,0.25154570754336214,0.0
2022-04-28,492.749267578125,546.8377075195312,0.7103010840216462,104.32985114309008,-0.7279114834509621,0.0
2022-04-29,499.9801330566406,551.0318603515625,0.6857584449201021,122.10538140052228,-0.18827021053972104,0.0
2022-05-03,511.4499206542969,565.212158203125,0.654584366904751,141.47087791003634,0.44034510120477605,0.0
2022-05-04,514.0431518554688,568.00830078125,0.6245120531932811,159.31512170374356,1.041602949913556,0.0
2022-05-05,506.66259765625,564.2135620117188,0.5895311968697216,174.0411011533526,1.5444888190354134,0.0
2022-05-06,500.6783142089844,559.2203979492188,0.5498384468416071,193.1974391584405,2.155722740850905,-1.0
2022-05-09,491.4028625488281,546.2384643554688,0.5165016261079425,209.26980746652316,2.5505069388069113,-1.0
2022-05-10,494.3949279785156,553.6282958984375,0.47565766824642525,231.0573836762229,2.8547183068896773,-1.0
2022-05-11,498.1350402832031,570.6046752929688,0.4184340837743251,259.37459577964347,3.0898485959392383,-1.0
2022-05-12,482.1272888183594,564.2135620117188,0.365475992868592,275.9207770522016,2.9155479715799015,-1.0
2022-05-13,500.0798950195313,580.5906982421875,0.3177678731091041,315.5868236921817,3.0955620868953497,-1.0
2022-05-16,497.2373046875,586.781982421875,0.2722184961082614,337.5043958891929,2.8933098286753207,-1.0
2022-05-17,501.0773010253906,590.9762573242188,0.23495128673092702,362.226668939638,2.760307616938259,-1.0
2022-05-18,494.1954040527344,595.56982421875,0.18577762389032082,383.55185724859894,2.6027078542095676,-1.0
2022-05-19,484.62066650390625,589.7777709960938,0.1341597389148173,405.4962347293074,2.475977305692714,-1.0
2022-05-20,489.4579162597656,585.7833251953125,0.0881317259680994,437.8318207669703,2.4507212424037297,-1.0
2022-05-23,499.6809387207031,601.1620483398438,0.051399157690883886,468.78171580030875,2.394989875655578,-1.0
2022-05-24,517.5338134765625,614.7430419921875,0.06078626954938076,480.1658772224191,2.1981467583655983,-1.0
2022-05-25,519.9275512695312,616.7402954101562,0.05934939587951772,483.3243873223832,1.989127341274925,-1.0
2022-05-26,523.9169921875,622.9317016601562,0.07156226159784275,479.3385907957066,1.7754620701301476,-1.0
2022-05-27,530.9984741210938,626.127197265625,0.08652830308480947,476.8207502264515,1.6096593151569032,-1.0
2022-05-30,527.2083129882812,625.7277221679688,0.09715552070880172,466.4154103191198,1.4174165896870274,-1.0
2022-05-31,531.5966796875,628.9232788085938,0.10707073543056381,464.25740169606235,1.3028409322165893,-1.0
2022-06-01,528.2056884765625,631.9190673828125,0.09932340389152158,465.4413357201458,1.2218936160779843,-1.0
2022-06-06,532.0953369140625,625.7277221679688,0.08795706626961232,477.05816218860093,1.215288266677492,-1.0
2022-06-07,527.90625,621.7332153320312,0.0770944268063707,479.9740841374952,1.1538246652071862,-1.0
2022-06-08,518.8305053710938,611.9469604492188,0.07281323715378725,474.27266621436553,1.042806635395546,-1.0
2022-06-09,510.4525146484375,595.96923828125,0.05944950211506563,475.02244015672227,0.9822360221678123,-1.0
2022-06-10,497.7859497070313,580.9901733398438,0.0438059279740209,472.3351360200922,0.9053949808162104,-1.0
2022-06-13,501.5759582519531,578.593505859375,0.03320297036300879,482.3649352246749,0.9201479832742216,-1.0
2022-06-14,519.0298461914062,598.7652587890625,0.01824415736677199,508.1058785843026,1.0608579364444684,-1.0
2022-06-15,529.2029418945312,609.9497680664062,0.01878387289934395,517.7457229761876,1.0875212527565263,-1.0
2022-06-16,510.2530822753906,592.374267578125,0.013376613557950948,502.3291206163238,0.917236919625813,-1.0
2022-06-17,507.3606872558594,582.3881225585938,0.007893629085293096,502.7635314327016,0.8802449788780424,-1.0
2022-06-20,536.0848999023438,603.1592407226562,0.01149612548794347,529.1509055817834,1.0930409944804642,-1.0
2022-06-21,537.3814086914062,614.5433959960938,0.022219705173178603,523.7264356162491,1.0097073640718612,-1.0
2022-06-22,532.1951904296875,590.5767822265625,0.025112168934738232,517.36452650548,0.9178395944936142,-1.0
2022-06-23,525.2135620117188,575.5977172851562,0.02808177668156611,509.0497554564978,0.7954873598315853,-1.0
2022-06-24,535.8853149414062,588.5795288085938,0.03388639364552397,515.9404773365012,0.8782114035037126,-1.0
2022-06-27,537.1819458007812,604.9567260742188,0.04332320976074725,510.97327866089296,0.7977957654825423,-1.0
2022-06-28,544.363037109375,619.7360229492188,0.060286974290783134,507.00102742676324,0.7085023767706687,-1.0
2022-06-29,550.6464233398438,637.7110595703125,0.08317913598437439,497.60216839710523,0.4694322913403437,0.0
2022-06-30,534.1898803710938,617.7388916015625,0.09468094392534676,475.70177901486034,-0.22534810706386227,0.0
2022-07-01,532.9931030273438,612.146728515625,0.10729825101143733,467.310829695244,-0.6947402417745537,0.0
2022-07-04,538.2791137695312,622.7318725585938,0.12284594706474053,461.7790271176715,-1.156113639629414,0.0
2022-07-05,521.7227172851562,591.1759033203125,0.13523414956961338,441.7755467535858,-2.082630458189561,1.0
2022-07-06,517.3343505859375,577.3951416015625,0.14694531463058472,432.4888398371249,-2.246682532897392,1.0
2022-07-07,534.1898803710938,596.1689453125,0.16198733704587195,437.61806049047584,-1.8523238355727853,1.0
2022-07-08,524.4156494140625,578.593505859375,0.1777283243641757,421.5831951296819,-2.1836555991621402,1.0
2022-07-11,526.3106689453125,584.3853759765625,0.19594299772446408,411.80444655012684,-2.224686985894659,1.0
2022-07-12,528.4050903320312,578.992919921875,0.21050114720516494,406.52641646480834,-2.124908371571987,1.0
2022-07-13,525.8118896484375,576.19677734375,0.2256143646180483,395.81361983306033,-2.1685443521419026,1.0
2022-07-14,511.051025390625,543.2427978515625,0.2430753003738494,379.0021191269261,-2.2976307865593655,1.0
2022-07-15,512.5469970703125,553.6282958984375,0.266795170819709,364.84164129546446,-2.3066192026509658,1.0
2022-07-18,518.4315185546875,565.212158203125,0.3016662535216956,347.92608434463887,-2.322524124477412,1.0
2022-07-19,522.0220336914062,582.9873046875,0.33444030462692026,327.04758191809157,-2.36085664206483,1.0
2022-07-20,516.436767578125,583.9859619140625,0.366820252869705,302.2188893564507,-2.406224437881549,1.0
2022-07-21,522.0220336914062,586.3826293945312,0.3946298792997891,290.6179274299494,-2.2582500172073483,1.0
2022-07-22,513.843505859375,572.002685546875,0.3899972938258555,290.764006434972,-2.0111716070935954,1.0
2022-07-25,525.1138305664062,590.1773681640625,0.4273215368598403,272.9183305826433,-2.0045488169494328,1.0
2022-07-26,523.1190795898438,578.593505859375,0.4155164541232599,282.7039576564107,-1.7190094563070415,1.0
2022-07-27,522.81982421875,586.1829223632812,0.4131324912631925,280.64861316686904,-1.604720926175514,1.0
2022-07-28,512.0484008789062,566.010986328125,0.4130274922179537,278.2703026279903,-1.5064241245456156,1.0
2022-07-29,512.3475341796875,563.4146728515625,0.4119618234722855,280.2421981807166,-1.3781646087463126,1.0
2022-08-01,543.7645263671875,567.408935546875,0.38398539671488807,325.88778115164837,-0.818687425849594,1.0
2022-08-02,532.9931030273438,582.1884155273438,0.37223447960611256,316.2825011408157,-0.8688450935190788,1.0
2022-08-03,541.9693603515625,596.7681274414062,0.3576368536144078,328.54308491605605,-0.6754001180034008,1.0
2022-08-04,539.3761596679688,601.7611694335938,0.34541279819869564,331.52015028659173,-0.5893072140033454,1.0
2022-08-05,540.473388671875,607.1536254882812,0.339812682556238,334.1548864709567,-0.5063003913438731,1.0
2022-08-08,544.0638427734375,606.354736328125,0.31298450030512426,354.2842086161339,-0.18999919038085625,0.0
2022-08-09,552.0426635742188,611.3477783203125,0.3179671513665801,357.6541520074215,-0.08110834433157897,0.0
2022-08-10,543.565185546875,602.3602905273438,0.314486170551379,354.1312044867145,-0.06748465862691913,0.0
2022-08-11,547.4549560546875,598.6054077148438,0.3127500925981743,360.2410593621022,0.09592798859708739,0.0
2022-08-12,549.0507202148438,605.3963623046875,0.3200338027280482,355.3034202287474,0.08101824648122184,0.0
2022-08-15,545.5598754882812,596.8076782226562,0.3106544323133077,360.15892500979874,0.24819552246721288,0.0
2022-08-16,548.3525390625,602.2005615234375,0.300815834518965,367.2010746000378,0.4610998268601836,0.0
2022-08-17,543.664794921875,592.2138061523438,0.3036562002555115,363.83540080680024,0.46523459468061584,0.0
2022-08-18,539.3544311523438,594.610595703125,0.3154126962599372,351.80669993689366,0.2866177482348326,0.0
2022-08-19,535.4641723632812,582.0272827148438,0.32265435395502023,347.67053547472744,0.26506387996324876,0.0
2022-08-22,536.860595703125,590.4161987304688,0.3372902112034617,337.71899133538017,0.07847250079817801,0.0
2022-08-23,529.9779052734375,591.8143310546875,0.349255418804415,323.2835432264779,-0.26050444689140595,0.0
2022-08-24,519.9030151367188,584.0245971679688,0.3706719346052485,303.42148784741687,-0.8007189430664011,0.0
2022-08-25,521.1997680664062,591.215087890625,0.3895903966134906,290.86804749121796,-1.1266822916496304,0.0
2022-08-26,521.6985473632812,588.8182983398438,0.4233993259238861,272.3932767545417,-1.5889358614251008,0.0
2022-08-30,528.1824340820312,593.2125244140625,0.44379995755467083,264.9147409261712,-1.6669017541663282,0.0
2022-08-31,527.4840087890625,597.4068603515625,0.467542996984443,248.17061488122636,-1.9471431614902155,0.0
2022-09-01,519.50390625,582.6265258789062,0.49464870686658174,231.30844863783,-2.156806505794386,1.0
2022-09-02,533.56884765625,601.801025390625,0.500533852988888,232.34706168481688,-1.948207346956969,1.0
2022-09-05,535.4641723632812,599.2045288085938,0.4856136475083581,244.482275525013,-1.5557011729801813,1.0
2022-09-06,532.3718872070312,601.801025390625,0.4670494766487693,251.30103325164714,-1.3549609004986154,1.0
2022-09-07,521.6985473632812,576.0352783203125,0.47466358667815195,248.2755761026142,-1.3606807952921012,1.0
2022-09-08,524.1922607421875,592.0140380859375,0.4856594956738595,236.675021573526,-1.5284837329952028,1.0
2022-09-09,523.6934814453125,613.3857421875,0.4644785801865656,238.78894280737973,-1.413046572599734,1.0
2022-09-12,534.6661376953125,626.3684692382812,0.4317630778507923,264.2233595483029,-0.8687674273975439,1.0
2022-09-13,528.2819213867188,611.3883056640625,0.4201007002365533,271.43726606080617,-0.6797497621095586,1.0
2022-09-14,517.608642578125,611.588134765625,0.40084558317051977,272.45624003782757,-0.6253576590665797,1.0
2022-09-15,528.3817138671875,608.392333984375,0.39370590785805154,288.85405768199024,-0.26681596499967647,0.0
2022-09-16,528.2819213867188,601.401611328125,0.3924636164551669,292.2536700629181,-0.172002209609586,0.0
2022-09-20,532.7708740234375,602.0008544921875,0.3935890514785255,295.82992871459555,-0.07322672295114536,0.0
2022-09-21,523.5938110351562,597.806396484375,0.38987744695319315,290.5225794015398,-0.1421758526784075,0.0
2022-09-22,513.7183837890625,597.2071533203125,0.37924492929202014,287.23059915541194,-0.16697828708316195,0.0
2022-09-23,508.7308349609375,576.8342895507812,0.3816931607962051,288.5571317266664,-0.09333640899316896,0.0
2022-09-26,498.3567199707031,575.1015014648438,0.4148845607463781,259.7559861508789,-0.6874187735804285,0.0
2022-09-27,494.4664306640625,586.2218017578125,0.42990589616936165,242.44622162535225,-1.0267393450813347,0.0
2022-09-28,482.2468872070313,565.4493408203125,0.4953084754166863,202.17503627995205,-1.8492091883036756,0.0
2022-09-29,465.83782958984375,556.061767578125,0.5900851589667273,137.7140330731865,-2.899227343879178,1.0
2022-09-30,466.1371154785156,566.0485229492188,0.654662864618292,95.56616793162704,-3.13382801780459,1.0
2022-10-03,460.2517700195313,563.6517944335938,0.7244988334442838,51.88670248361541,-3.169214169350968,1.0
2022-10-04,480.7506713867187,587.2205200195312,0.7316596724722959,51.10509804021717,-2.707723739110872,1.0
2022-10-05,471.2243957519531,581.8275756835938,0.7514532404267912,34.00817863485253,-2.5413898929256815,1.0
2022-10-06,470.1271057128906,572.8394165039062,0.79611804642066,14.079308533050039,-2.424841933921346,1.0
2022-10-07,465.83782958984375,576.2350463867188,0.8392942170465203,-17.792912502062677,-2.413651535333765,1.0
2022-10-10,461.598388671875,569.0444946289062,0.982318206377215,-97.38437864082096,-2.706702196215823,1.0
2022-10-11,453.3689575195313,546.8739624023438,1.1122643899836038,-154.89947666982783,-2.691406881157051,1.0
2022-10-12,447.9325256347656,537.8859252929688,1.1870549827328802,-190.5676421261387,-2.525606741328849,1.0
2022-10-13,458.1071472167969,550.6690063476562,1.2185495684411465,-212.91033282205456,-2.325194832703833,1.0
2022-10-14,457.658203125,540.8819580078125,1.2228196398487496,-203.74287796679982,-2.0195218823868024,1.0
2022-10-17,470.0772399902344,554.6637573242188,1.2311222051022646,-212.78162801706515,-1.8675826360677545,1.0
2022-10-18,464.5909729003906,557.6597290039062,1.259987539215427,-238.0533367667831,-1.815910248224485,1.0
2022-10-19,472.8204345703125,559.457275390625,1.266748273539578,-235.87110314991799,-1.6502332183965058,1.0
2022-10-20,471.72320556640625,558.2588500976562,1.279181023483335,-242.39092167014337,-1.5477445289785066,1.0
2022-10-21,476.6607666015625,566.2483520507812,1.2869479719759827,-252.07140170493267,-1.4717786093125003,1.0
2022-10-24,473.9176635742187,560.8554077148438,1.312368630741188,-262.1313798923015,-1.4065201142644514,1.0
2022-10-25,441.5484619140625,553.6650390625,1.3725036911388213,-318.35884785373844,-1.5361855215386935,1.0
2022-10-26,442.84515380859375,525.3026123046875,1.3751419770445517,-279.52051902274184,-1.2705575935656812,1.0
2022-10-27,449.02978515625,535.089599609375,1.362287840482219,-279.91626996010064,-1.1901158887926726,1.0
2022-10-28,441.0995178222656,518.9111328125,1.313497763848702,-240.48909476314998,-0.9520526517400697,1.0
2022-10-31,446.1868286132813,519.51025390625,1.2703025762538727,-213.74838531413155,-0.7767227286349748,1.0
2022-11-01,457.4088745117187,527.4998168945312,1.2392878543298331,-196.31524172688484,-0.6446244726624456,1.0
2022-11-02,455.6631774902344,525.90185546875,1.208081706619502,-179.6692335788158,-0.5134702331881686,1.0
2022-11-03,461.9974365234375,532.69287109375,1.1815977329197098,-167.43125230342878,-0.398450690247291,0.0
2022-11-04,488.7806091308594,553.86474609375,1.1636355184493852,-155.71608184077854,-0.27635361446212325,0.0
2022-11-07,478.2070007324219,557.2601928710938,1.1496584493021353,-162.45188846156861,-0.2553006479144322,0.0
2022-11-08,477.4588623046875,561.2548217773438,1.1372524254377936,-160.82954505025327,-0.17652886463023185,0.0
2022-11-09,475.5137023925781,562.6531372070312,1.1249412107100367,-157.43799898689997,-0.0742321922683068,0.0
2022-11-10,472.9700317382813,562.0537719726562,1.1108726163197817,-151.40011244538533,0.05859557724484793,0.0
2022-11-11,469.0299072265625,564.8501586914062,1.0989963658369253,-151.73836441770345,0.14376820559836279,0.0
2022-11-14,479.104736328125,576.4347534179688,1.083676640198343,-145.5641405494198,0.2967754168049518,0.0
2022-11-15,478.8054809570313,576.0352783203125,1.073307547195707,-139.45753071513974,0.48595966746393127,0.0
2022-11-16,474.3167114257813,572.8394165039062,1.0595595502301174,-132.64076307918043,0.7262705706724008,0.0
2022-11-17,480.0024719238281,584.0245971679688,1.042031709580104,-128.56967749994192,0.9803465166195205,0.0
2022-11-18,477.708251953125,580.8289184570312,1.0310658467130098,-121.16460865117563,1.3124820116700346,0.0
2022-11-21,482.2967834472656,579.6305541992188,1.020974046646019,-109.49096903318548,1.5532363067732835,0.0
2022-11-22,485.6384887695313,584.8236083984375,1.0077512030194586,-103.71820614817483,1.5696604715453824,0.0
2022-11-23,487.982666015625,586.2218017578125,0.9907673164996965,-92.82673538557992,1.6238816556613827,0.0
2022-11-24,488.2818603515625,588.61865234375,0.9725433937181749,-84.17532140464664,1.621548953140272,0.0
2022-11-25,490.7257385253906,589.2178344726562,0.9598113315199442,-74.81221573510766,1.6246336256427325,0.0
2022-11-28,487.3841247558594,579.03125,0.9417466740510495,-57.91662910326238,1.7168511921964498,0.0
2022-11-29,509.0300598144531,608.1925659179688,0.9130099254162144,-46.255789433007635,1.7237498171243089,0.0
2022-11-30,508.4315185546875,616.5814819335938,0.8770058223041001,-32.31403102596448,1.7511601320120502,0.0
2022-12-01,496.6609802246094,594.0114135742188,0.8696095235322893,-19.89700210640865,1.7545149205915642,0.0
2022-12-02,497.2594299316406,591.8143310546875,0.8554779936672283,-9.024706622536314,1.7430402467898738,0.0
2022-12-05,498.7557067871094,591.4149169921875,0.8483871629362024,-2.9931167580422198,1.6880553694049707,0.0
2022-12-06,497.40911865234375,591.0154418945312,0.8372219610075295,2.598011403672672,1.7033201880014042,0.0
2022-12-07,492.6210021972656,583.4254150390625,0.8208098994800903,13.73964592492274,1.756589862115352,0.0
2022-12-08,494.0673828125,590.6160278320312,0.8142270252233951,13.171851421567283,1.6852676747645638,0.0
2022-12-09,494.9651489257813,598.205810546875,0.7855265442056723,25.058605843141493,1.7442412893031125,0.0
2022-12-12,495.1148376464844,602.2005615234375,0.7509556006457709,42.88895325843083,1.8482778607762573,0.0
2022-12-13,498.8554382324219,607.19384765625,0.7111083477851067,67.07482444030416,1.9921880749331629,0.0
2022-12-14,496.4614562988281,605.7957763671875,0.6808354069798691,84.01424234918824,2.0094454205561467,-1.0
2022-12-15,491.4240417480469,603.7984619140625,0.6565882060506286,94.97709282376377,1.9482702654848232,-1.0
2022-12-16,491.0249938964844,615.9822998046875,0.6304822583499877,102.65908241200577,1.8572261881140932,-1.0
2022-12-19,494.5163269042969,616.3817138671875,0.6149763216461535,115.45616778030205,1.8351091423499086,-1.0
2022-12-20,501.5487976074219,620.3764038085938,0.6052334874925513,126.07622317225935,1.7943236386777703,-1.0
2022-12-21,510.027587890625,624.9703369140625,0.6083810444640674,129.80748155978756,1.6944625941957339,-1.0
2022-12-22,511.0251159667969,624.17138671875,0.6109567041962346,129.68342268351597,1.5722930615986537,-1.0
2022-12-23,509.0300598144531,624.17138671875,0.6101232287365316,128.20859806465108,1.4556669901100616,-1.0
2022-12-28,516.7109375,628.3659057617188,0.6131192341490855,131.44771459397856,1.397779023465346,-1.0
2022-12-29,517.5089721679688,628.9650268554688,0.6198373697070847,127.65294428412909,1.2775593849337574,-1.0
2022-12-30,514.4165649414062,621.5748901367188,0.6261707611856917,125.2045428505844,1.1805556175385443,-1.0
2023-01-03,528.5814208984375,639.3512573242188,0.6348315616887633,122.70106374362933,1.0907107072872477,-1.0
2023-01-04,542.1473999023438,659.5244750976562,0.645044851249693,116.72453296744419,0.9671439528652914,-1.0
2023-01-05,563.8931884765625,704.2650756835938,0.6434412523959958,110.73998615995015,0.8442709985306784,-1.0
2023-01-06,567.18505859375,696.8748168945312,0.6503396196576171,113.97975522558897,0.8354563749020596,-1.0
2023-01-09,561.7984008789062,684.4913330078125,0.656186155590856,112.64466453724935,0.7702871556438797,-1.0
2023-01-10,562.6962280273438,686.8880615234375,0.6616320685277679,108.22905903456308,0.6622804315293238,-1.0
2023-01-11,568.1825561523438,686.4886474609375,0.6726756373641364,106.39836767831372,0.5881082583849051,-1.0
2023-01-12,580.3521118164062,698.4727783203125,0.687485427213374,100.1622554159539,0.43695891843336304,0.0
2023-01-13,589.728759765625,707.0613403320312,0.7011179936884239,93.9953314173834,0.27240585260917133,0.0
2023-01-16,594.6165161132812,700.8695068359375,0.7199902253462932,89.99732194812924,0.13264037207739215,0.0
2023-01-17,589.728759765625,700.6697998046875,0.7328645638064795,76.23269255938942,-0.2293856923924696,0.0
2023-01-18,589.2300415039062,700.6697998046875,0.7433212419357861,68.40729572618739,-0.4975821079092401,0.0
2023-01-19,584.04296875,694.4780883789062,0.752069429350969,61.747229126124125,-0.7706664519426932,0.0
2023-01-20,591.1253051757812,699.0718994140625,0.7538224657663398,64.14920221151397,-0.8356241644179995,0.0
2023-01-23,590.6264038085938,702.8668823242188,0.7602187786169166,56.29380099779621,-1.187211968956778,0.0
2023-01-24,593.3197631835938,711.4555053710938,0.7639472707560432,49.805271590985285,-1.5480417225303065,0.0
2023-01-25,597.0106201171875,701.0693969726562,0.7747634914896581,53.84764634210319,-1.546347692479279,0.0
2023-01-26,602.397216796875,718.4462890625,0.7851076015945843,38.33957391648619,-2.07277294925661,1.0
2023-01-27,599.0056762695312,711.6552124023438,0.798446214005705,30.787266249453978,-2.143637466617391,1.0
2023-01-30,600.501953125,687.0878295898438,0.818582977400558,38.0635518436585,-1.7528494120406832,1.0
2023-01-31,594.915771484375,678.2994995117188,0.8384960664997523,26.164309235048222,-1.9142102027739336,1.0
2023-02-01,599.8037109375,686.4886474609375,0.8618926601736806,8.124184398360626,-2.1496483392043917,1.0
2023-02-02,589.529296875,668.7122192382812,0.8772687213906175,2.8889833255507256,-2.0389769147053762,1.0
2023-02-03,595.215087890625,675.1038208007812,0.8918985213536643,-6.90901164180093,-2.042537679989001,1.0
2023-02-06,594.516845703125,670.510009765625,0.9049950473188253,-12.29139231246279,-1.9585557402936378,1.0
2023-02-07,603.4944458007812,681.6949462890625,0.9194195623943976,-23.269223402780995,-1.9880471703066012,1.0
2023-02-08,610.8760375976562,687.8867797851562,0.9321733125188499,-30.35366055259749,-1.937486776000142,1.0
2023-02-09,614.2673950195312,766.582275390625,0.9020461552373668,-77.22519916969429,-2.500678052246295,1.0
2023-02-10,609.0804443359375,728.43310546875,0.9001397664719853,-46.61116111116621,-1.7756841433505428,1.0
2023-02-13,612.1727905273438,728.8323974609375,0.899153935390845,-43.15972789000273,-1.5877463989634975,1.0
2023-02-14,607.68408203125,720.643310546875,0.8977455557490315,-39.27024729247614,-1.4178277882642762,1.0
2023-02-15,610.7762451171875,728.2332763671875,0.8946332585232744,-40.72546388426963,-1.3491011923251828,1.0
2023-02-16,616.861083984375,758.1934814453125,0.8806692173284447,-50.85657590359699,-1.4230768964742304,1.0
2023-02-17,619.5543823242188,764.185546875,0.8654475515552543,-41.808128152663016,-1.1904229157891935,1.0
2023-02-20,619.1553344726562,767.5809936523438,0.850040495507024,-33.31959371335586,-0.9805405978866004,1.0
2023-02-21,645.8887329101562,770.7767333984375,0.8494096262492689,-8.816444127442878,-0.48727855838557077,0.0
2023-02-22,634.5169677734375,762.7872924804688,0.8471587930531874,-11.68499428062512,-0.4906537999980423,0.0
2023-02-23,628.5319213867188,762.1281127929688,0.8450244186107941,-15.484944033101442,-0.5153383862124263,0.0
2023-02-24,634.1179809570312,770.3187255859375,0.840493176470746,-13.329651605590243,-0.41858682006975195,0.0
2023-02-27,630.2276000976562,786.699951171875,0.8235015690852989,-17.621044091710814,-0.46186964432705446,0.0
2023-02-28,634.018310546875,783.3038940429688,0.8141541378237908,-3.7117959616962253,-0.07741004569479597,0.0
2023-03-01,638.70654296875,788.8975219726562,0.8063428555212132,2.5846623877092725,0.14095685219982526,0.0
2023-03-02,617.6384887695312,786.8997802734375,0.7907624479541726,-4.612307774092756,0.010745400605601663,0.0
2023-03-03,616.93994140625,788.0983276367188,0.7750060944873854,6.158934432476713,0.38775998715289856,0.0
2023-03-06,616.4410400390625,789.8963623046875,0.7596574927049123,16.390349953952523,0.7722880843007166,0.0
2023-03-07,622.9267578125,786.1007080078125,0.7476905679295835,35.166672992290955,1.4118692884922361,0.0
2023-03-08,629.3128662109375,786.5001831054688,0.736320908915485,50.19633652452342,1.914164461850124,0.0
2023-03-09,619.7338256835938,774.1143798828125,0.7241980806490008,59.12167756966949,2.092640006955369,-1.0
2023-03-10,591.2965087890625,738.95458984375,0.7137817045140201,63.84424209193196,2.0827095165784364,-1.0
2023-03-13,566.8502197265625,688.0128784179688,0.7049694324095154,81.82217133781018,2.3713903787754362,-1.0
2023-03-14,575.7308349609375,696.0037231445312,0.6919064624175881,94.16136105053448,2.391356043555712,-1.0
2023-03-15,547.1937866210938,642.4650268554688,0.6713152242801033,115.8972330254922,2.5029066107289673,-1.0
2023-03-16,556.8723754882812,649.6567993164062,0.6496263790029763,134.83818135370103,2.487454439772399,-1.0
2023-03-17,540.9075317382812,633.2755126953125,0.631988617263513,140.68461612312848,2.2660823210861065,-1.0
2023-03-20,540.5084228515625,614.2972412109375,0.6111990400977858,165.05053868871948,2.327716310729712,-1.0
2023-03-21,552.7813110351562,642.8646240234375,0.5948684318472169,170.36144025228327,2.1288270953325004,-1.0
2023-03-22,563.3580322265625,651.2549438476562,0.5744590288751306,189.2387496337102,2.123368666381657,-1.0
2023-03-23,546.9942016601562,631.6774291992188,0.5589908423467262,193.89230342067043,1.98638319366677,-1.0
2023-03-24,532.8253784179688,591.1238403320312,0.5384462017235292,214.53699184296062,2.019806281396053,-1.0
2023-03-27,539.9097290039062,591.72314453125,0.5140962507857867,235.70707889721444,2.0394656440065857,-1.0
2023-03-28,539.9097290039062,593.52099609375,0.49824328826138015,244.1918762579865,1.9299829676390376,-1.0
2023-03-29,552.7813110351562,602.7105712890625,0.4838923873629089,261.1342538052291,1.9145647287953358,-1.0
2023-03-30,554.0786743164062,614.0975341796875,0.4805403536769844,258.98002804953524,1.7403690888640106,-1.0
2023-03-31,548.490966796875,613.4981689453125,0.4795902979434383,254.2631971646387,1.569069269316757,-1.0
2023-04-03,555.1760864257812,622.2880859375,0.47672753282545016,258.5142225101252,1.497479937026885,-1.0
2023-04-04,549.987548828125,612.4993286132812,0.4746649229023837,259.25560223414004,1.398624258711479,-1.0
2023-04-05,552.9810180664062,614.2972412109375,0.4724822748565671,262.7364601009492,1.3363841846194633,-1.0
2023-04-06,561.661865234375,617.2937622070312,0.4689361998744014,272.1904741788374,1.3353792261965487,-1.0
2023-04-11,561.1629028320312,617.6934204101562,0.46625021471940065,273.1632129350349,1.2624171903028332,-1.0
2023-04-12,560.3648071289062,616.2949829101562,0.4635839732642024,274.6603302486223,1.2046984076734861,-1.0
2023-04-13,566.0521240234375,617.8931274414062,0.45971461926896107,281.99762019280377,1.2044760567449673,-1.0
2023-04-14,583.0147094726562,645.2618408203125,0.4565813452593733,288.4001901463784,1.1989951575919044,-1.0
2023-04-17,576.828369140625,641.2664184570312,0.4542375768508769,285.5410651048627,1.1135408637952455,-1.0
2023-04-18,573.3360595703125,649.8565673828125,0.4536516058165472,278.5275842266704,0.9889039735308365,-1.0
2023-04-19,572.1387329101562,651.4547729492188,0.4535475375443329,276.6730248175356,0.9225249625164927,-1.0
2023-04-20,573.8350219726562,643.8634643554688,0.45271142250943686,282.3506771224379,0.9442285526823245,-1.0
2023-04-21,572.4380493164062,637.8702392578125,0.4509886451333619,284.765814342632,0.9300357806062477,-1.0
2023-04-24,572.0390014648438,631.6774291992188,0.4486812594400817,288.61717697186526,0.94148169410775,-1.0
2023-04-25,565.054443359375,619.8908081054688,0.44658091401940514,288.2230396834071,0.9044768816208079,-1.0
2023-04-26,570.4424438476562,633.2755126953125,0.44508537323375197,288.58077591986745,0.8802893187177537,-1.0
2023-04-27,574.1343383789062,629.4798583984375,0.4427750121613064,295.41638642124065,0.9786380815901965,-1.0
2023-04-28,572.5379028320312,627.6819458007812,0.44024120261910205,296.2064481503973,0.9734127780366407,-1.0
2023-05-02,592.5935668945312,609.9022216796875,0.4304149922339326,330.08250688681034,1.6552367146833422,-1.0
2023-05-03,591.8951416015625,610.7013549804688,0.42136444226194814,334.5673057716013,1.7462845051696776,-1.0
2023-05-04,582.7154541015625,597.7161865234375,0.4125466107182886,336.12966717985796,1.7406421481680594,-1.0
2023-05-05,598.480712890625,604.5084838867188,0.4011574662017653,355.9776211971582,2.173552807172278,-1.0
2023-05-09,597.9818115234375,603.9091186523438,0.3898765989259712,362.5317782828809,2.2117039314321256,-1.0
2023-05-10,599.7777709960938,613.0986328125,0.38325794979204875,364.80284596406693,2.1575032128707243,-1.0
2023-05-11,592.3724975585938,619.2915649414062,0.37729395922272907,358.71753110861073,1.8727977539950056,-1.0
2023-05-12,598.4599609375,615.4959106445312,0.36927690219980314,371.1715377380407,2.020910794018936,-1.0
2023-05-15,609.7365112304688,618.292724609375,0.36059373692655583,386.78402714907236,2.18101003308105,-1.0
2023-05-16,604.4475708007812,619.091796875,0.35319296352782004,385.7887043667368,1.9422964235899933,-1.0
2023-05-17,601.7531127929688,623.8861694335938,0.34822250889274325,384.50190560931964,1.7473658658272202,-1.0
2023-05-18,611.6326293945312,641.8656616210938,0.3450228590362406,390.17430370483333,1.7259942913549344,-1.0
2023-05-19,609.5369873046875,633.2755126953125,0.3415291115416852,393.25496409275223,1.6545757743233767,-1.0
2023-05-22,615.9237670898438,652.45361328125,0.3298090896906424,400.7386348281843,1.676730628427425,-1.0
2023-05-23,616.5224609375,658.4467163085938,0.32257284709013423,404.125429000687,1.617408699049352,-1.0
2023-05-24,598.9589233398438,639.8679809570312,0.3157251687262638,396.9364970896513,1.365216276822172,-1.0
2023-05-25,605.1461181640625,643.0643310546875,0.3063150371440572,408.1658437110276,1.4841279447795317,-1.0
2023-05-26,609.5369873046875,648.6578979492188,0.3010063877847807,414.28681653492424,1.4951546043110684,-1.0
2023-05-30,598.859130859375,642.4650268554688,0.29116796952818397,411.79389349699795,1.3465279841865152,-1.0
2023-05-31,589.2789306640625,632.8759765625,0.27555181256347044,414.8888081943892,1.3130671849679796,-1.0
2023-06-01,592.5720825195312,640.8668823242188,0.27663695013655343,415.2846227498379,1.2364277599075006,-1.0
2023-06-02,601.4536743164062,663.2412719726562,0.2827844137050048,413.89938007665705,1.1387530594556818,-1.0
2023-06-05,604.8466796875,658.0471801757812,0.29397816333605803,411.39517827095176,1.0288262952886473,-1.0
2023-06-06,609.5369873046875,670.8324584960938,0.30173913019889764,407.1205847688881,0.8855775851487252,-1.0
2023-06-07,614.8259887695312,673.229736328125,0.3042202913550594,410.01584223489925,0.8976158932941134,-1.0
2023-06-08,609.7365112304688,666.637451171875,0.32538483462705414,392.82279442470735,0.45385674571095763,0.0
2023-06-09,606.2437744140625,660.0447998046875,0.41573582627783384,331.83950418687334,-1.130515436211924,0.0
2023-06-12,604.04833984375,655.6499633789062,0.4972227486056097,278.0442629293229,-2.4569166852931597,1.0
2023-06-13,608.3394165039062,660.2445678710938,0.6048480739827905,208.99176126947538,-3.4139986896176424,1.0
2023-06-14,609.5369873046875,669.2344360351562,0.629834914667061,188.02977339222616,-3.1710572473960434,1.0
2023-06-15,608.1398315429688,678.2241821289062,0.6478635745988642,168.74308852954442,-2.88668719477999,1.0
2023-06-16,610.5348510742188,674.428466796875,0.6499747223723684,172.17339560789782,-2.450606890598898,1.0
2023-06-19,613.728271484375,687.0140380859375,0.6240586419712776,184.9912238612613,-2.0460484031648223,1.0
2023-06-20,613.9277954101562,685.8153686523438,0.628545426328615,182.8616821378526,-1.8723912364657183,1.0
2023-06-21,616.8218994140625,683.817626953125,0.643072029074847,177.07791053216965,-1.7623154801125427,1.0
2023-06-22,605.4454956054688,667.4364624023438,0.6377292287910338,179.80175517060627,-1.5915070485936007,1.0
2023-06-23,600.9547729492188,656.249267578125,0.6058270952875625,203.38118538777292,-1.2603500836908044,1.0
2023-06-26,602.8507690429688,657.2481079101562,0.5791655029569895,222.19533805765337,-1.0073716734559672,1.0
2023-06-27,609.0380859375,670.2332763671875,0.5480507575368089,241.71623109808553,-0.7649836578549754,1.0
2023-06-28,612.0317993164062,667.8359985351562,0.5327830144388979,256.22012286603433,-0.581488935005194,1.0
2023-06-29,617.5204467773438,676.8257446289062,0.5206321785697737,265.143184839087,-0.4570151681204834,0.0
2023-06-30,620.4144897460938,682.2196044921875,0.503249450914051,277.0878483825993,-0.30499849035744997,0.0
2023-07-03,626.30224609375,690.0105590820312,0.49739853984466537,283.09200152894647,-0.2113776507306211,0.0
2023-07-04,623.408203125,691.0094604492188,0.47777880967062863,293.25852564042896,-0.07426324741101567,0.0
2023-07-05,620.6140747070312,685.016357421875,0.459171829772674,306.07386044541687,0.092244470560896,0.0
2023-07-06,609.1378173828125,667.2366943359375,0.4425522418423281,313.8507224649791,0.20630384825856923,0.0
2023-07-07,608.638916015625,672.8302612304688,0.4224719053627838,324.3870335678493,0.3568844106813463,0.0
2023-07-10,605.6450805664062,667.6362915039062,0.39928010793472835,339.0711900335848,0.5595921891395721,0.0
2023-07-11,599.6573486328125,663.2412719726562,0.3782658835180637,348.7758029044313,0.7101078734837981,0.0
2023-07-12,614.5264892578125,681.8199462890625,0.3779137524708165,356.85735484626235,0.8481102115088229,0.0
2023-07-13,612.929931640625,686.0151977539062,0.3713598779814337,358.17141150932525,0.9123027739386339,0.0
2023-07-14,611.8320922851562,684.4169921875,0.3684516554123127,359.657518521356,0.9812443903187184,0.0
2023-07-17,616.622314453125,688.0128784179688,0.3688912439122116,362.8203879058993,1.0717367314574824,0.0
2023-07-18,622.4102783203125,696.4033813476562,0.3666257986942185,367.0908324203736,1.1736235234324472,0.0
2023-07-19,627.4998168945312,705.1932983398438,0.36272689386882145,371.7072422106106,1.285800458002284,0.0
2023-07-20,638.6766357421875,715.5814208984375,0.36546350006973083,377.1577450757733,1.3820715758961677,0.0
2023-07-21,640.67236328125,718.1784057617188,0.3597566997669525,382.30287018052275,1.3936696367842254,0.0
2023-07-24,641.37109375,718.5780029296875,0.36043736566938467,382.36873134605605,1.3062614180477052,0.0
2023-07-25,642.9677124023438,717.5791625976562,0.361619128167833,383.47736123237564,1.2308108954703523,0.0
2023-07-26,642.7681274414062,710.5870361328125,0.3599744323250175,386.97496249198036,1.1952544927490654,0.0
2023-07-27,640.9718017578125,708.58935546875,0.3716611000400797,377.61670242760584,1.0151425780799446,0.0
2023-07-28,645.4625244140625,736.757080078125,0.38023553046764436,365.3213052447639,0.8005154035629238,0.0
2023-07-31,644.963623046875,746.5459594726562,0.3785497232856751,362.3588566684622,0.7088764414264658,0.0
2023-08-01,653.5457763671875,743.5493774414062,0.4022619302927265,354.44416852965236,0.5442393779470286,0.0
2023-08-02,635.5831298828125,733.361083984375,0.41011854539371057,334.8181488707858,0.17446156861520123,0.0
2023-08-03,637.8782348632812,739.5540161132812,0.4147345739579818,331.1596150716251,0.029652474771554294,0.0
2023-08-04,635.083984375,740.7525634765625,0.4067540805708101,333.7798564876202,-0.0040144454824184725,0.0
2023-08-07,642.7681274414062,746.1464233398438,0.4121199925569249,335.2662690082137,-0.06008973838921695,0.0
2023-08-08,633.2877197265625,740.9523315429688,0.4207844518821446,321.5064990274573,-0.5101467841598966,0.0
2023-08-09,634.684814453125,752.1395263671875,0.42030912695799283,318.5537067751342,-0.7088862717194753,0.0
2023-08-10,630.7722778320312,756.7946166992188,0.40914161192590853,321.1361084588628,-0.7550412774913946,0.0
2023-08-11,623.5862426757812,754.1973266601562,0.39428011094963367,326.22123704229773,-0.6997938342959574,0.0
2023-08-14,620.2926635742188,750.6011962890625,0.38374912408267575,332.25011196288244,-0.5961410887396121,0.0
2023-08-15,599.1337890625,738.0145874023438,0.3642588077548271,330.3054753496516,-0.7759548257016896,0.0
2023-08-16,588.6542358398438,727.8253784179688,0.3469035637132299,336.1690183057203,-0.6044192662363783,0.0
2023-08-17,591.2493286132812,731.421630859375,0.3242314119799384,354.09946048707684,0.1344954403064552,0.0
2023-08-18,582.7658081054688,720.6331176757812,0.3101768023186855,359.2421320198499,0.32729332155267166,0.0
2023-08-21,582.1668090820312,718.63525390625,0.2999212891279439,366.6327973176815,0.6348538732296612,0.0
2023-08-22,579.4720458984375,714.2399291992188,0.28649344209494565,374.84699010050304,0.9681411501213729,0.0
2023-08-23,583.6639404296875,710.6437377929688,0.26919583192930774,392.36160822915645,1.6464453720502379,0.0
2023-08-24,587.9556274414062,712.8413696289062,0.2529082696512654,407.6721501127215,2.074203566187492,-1.0
2023-08-25,586.6580200195312,710.6437377929688,0.24295074877879788,414.00659180776574,2.0783628005748174,-1.0
2023-08-29,594.5427856445312,723.030517578125,0.2312795247391103,427.32063116718956,2.2603658167700353,-1.0
2023-08-30,589.552490234375,719.2345581054688,0.2218554746520051,429.9863659597611,2.0952806283533607,-1.0
2023-08-31,581.9671020507812,710.843505859375,0.21932791558725703,426.0592776019064,1.8034911748698013,-1.0
2023-09-01,587.1571044921875,718.8350219726562,0.21184091919767428,434.8784326860196,1.8802640853799821,-1.0
2023-09-04,584.6619262695312,708.6458740234375,0.20972722835382324,436.03959122622314,1.7624249497172408,-1.0
2023-09-05,586.3587036132812,702.8519287109375,0.21082266901184668,438.1815840823172,1.6820063923782038,-1.0
2023-09-06,584.1630249023438,701.6532592773438,0.21697212924441417,431.9238232456555,1.433727803822376,-1.0
2023-09-07,583.564208984375,704.4503173828125,0.22126007406040568,427.69747958837763,1.2652698947386651,-1.0
2023-09-08,583.2647705078125,704.849853515625,0.2231964705406447,425.94477094203455,1.1583428156405027,-1.0
2023-09-11,588.8538818359375,714.2399291992188,0.2228660624319098,429.6740411836616,1.1660515009197208,-1.0
2023-09-12,596.1397094726562,724.6287841796875,0.21791824694274164,438.2298751399685,1.2646622618421197,-1.0
2023-09-13,609.81298828125,721.831787109375,0.2197941718354017,451.1585684290769,1.4272923671606734,-1.0
2023-09-14,625.6822509765625,741.0113525390625,0.23062166241784138,454.7889809835108,1.3948237771541567,-1.0
2023-09-15,628.0775146484375,742.4099731445312,0.23985424731521154,450.0073293405495,1.2116224221123886,-1.0
2023-09-18,621.7897338867188,736.416259765625,0.2437801694901163,442.26605326577715,0.9861739274818917,-1.0
2023-09-19,629.474853515625,742.2101440429688,0.2557258847971379,439.67250772482566,0.8726155935735028,-1.0
2023-09-20,632.1694946289062,748.6033325195312,0.27282764298800466,427.92981188463705,0.5763848885755312,-1.0
2023-09-21,634.8641967773438,752.5989990234375,0.29857137207077605,410.1596810198234,0.12989906733934461,0.0
2023-09-22,641.8507080078125,749.20263671875,0.33180979557624524,393.25793427298015,-0.3410737539694648,0.0
2023-09-25,637.3594360351562,748.2037353515625,0.3605222316524394,367.6153556355198,-1.0726188573883755,0.0
2023-09-26,637.9583129882812,755.595947265625,0.38839220778792505,344.4907348341766,-1.728213857282468,0.0
2023-09-27,638.656982421875,749.4024658203125,0.41426304512165063,328.20723490947864,-2.1552974398715836,1.0
2023-09-28,643.647216796875,755.9954223632812,0.44812392059543377,304.86758417524055,-2.5827557045479796,1.0
2023-09-29,643.647216796875,757.1942138671875,0.48999620376782155,272.62492648699316,-2.883234286902778,1.0
2023-10-02,638.5571899414062,752.9986572265625,0.524547794679356,243.57340489669662,-2.91663284005252,1.0
2023-10-03,643.9465942382812,749.0028076171875,0.5733285009294344,214.5219373551816,-2.8521904866614447,1.0
2023-10-04,639.2557373046875,742.8095092773438,0.6265204253950705,173.87040756474255,-2.8564426596035264,1.0
2023-10-05,643.248046875,748.6033325195312,0.6853276790608198,130.20946246219455,-2.8125125212335123,1.0
2023-10-06,653.4281616210938,757.3939819335938,0.7484616701197908,86.54779696439755,-2.7311611544170775,1.0
2023-10-09,643.7469482421875,737.4152221679688,0.8132650336888615,44.032932743075094,-2.631083124446906,1.0
2023-10-10,656.5220947265625,757.9932861328125,0.9022421228124166,-27.371376831465682,-2.689503990621741,1.0
2023-10-11,657.7197265625,757.3939819335938,0.9849065991059363,-88.24260436701877,-2.628935588313084,1.0
2023-10-12,656.6219482421875,755.595947265625,1.0508557514459131,-137.40039871111742,-2.504835059947267,1.0
2023-10-13,651.332275390625,749.602294921875,1.0972138800689517,-171.14176712919607,-2.3380399907903624,1.0
2023-10-16,650.03466796875,747.204833984375,1.1387216495910777,-200.8236531683649,-2.1909146846490373,1.0
2023-10-17,651.7315063476562,744.0082397460938,1.1816296642396495,-227.4107001750532,-2.061654632914169,1.0
2023-10-18,649.0366821289062,743.00927734375,1.2296127798767622,-264.5770208599664,-1.9915475231518622,1.0
2023-10-19,639.9545288085938,734.8179931640625,1.3019762967418675,-316.76108071044325,-1.9778819007265824,1.0
2023-10-20,614.7036743164062,721.4323120117188,1.3796966618787108,-380.65407833760264,-1.9935623368424946,1.0
2023-10-23,611.3101806640625,716.6373901367188,1.36029090999703,-363.5251469029113,-1.7595599830114705,1.0
2023-10-24,611.6094970703125,708.4461059570312,1.3136683530471864,-319.0537321649533,-1.4843914721364904,1.0
2023-10-25,613.9049682617188,713.240966796875,1.2773829575922455,-297.17688738122604,-1.314205252373734,1.0
2023-10-26,607.9168090820312,624.5353393554688,0.8176211174839537,97.28352700999261,0.06280249891384175,0.0
2023-10-27,599.8324584960938,609.9508666992188,0.5984416111171393,234.81247912631778,0.5803462870907663,0.0
2023-10-30,586.1590576171875,619.7405395507812,0.5317310700812891,256.6237573490951,0.6962683622127298,0.0
2023-10-31,591.1494750976562,629.3302612304688,0.48896658558687867,283.42800605729553,0.8311079087385626,0.0
2023-11-01,588.95361328125,610.9497680664062,0.4462155643879915,316.33831771078604,0.9844328387330119,0.0
2023-11-02,600.1319580078125,620.1400146484375,0.4093283218582957,346.2910864945886,1.1176742150111232,0.0
2023-11-03,601.0301513671875,618.5418090820312,0.38032792488876765,365.7814286620743,1.2013771119725378,0.0
2023-11-06,608.1162719726562,631.3281860351562,0.3599485567382184,380.87060258114434,1.2550770160497169,0.0
2023-11-07,607.1182250976562,621.7383422851562,0.33958964638508377,395.98232129699187,1.2958989307710933,0.0
2023-11-08,606.1201782226562,619.1410522460938,0.32534726039585476,404.6843330757829,1.3039965233131023,0.0
2023-11-09,602.0072021484375,626.5332641601562,0.3187866654597765,402.276752067192,1.265115124397654,0.0
2023-11-10,598.1143188476562,621.1389770507812,0.3155950227358537,402.08594926319006,1.2278475992794893,0.0
2023-11-13,606.7985229492188,627.73193359375,0.30858200892773535,413.0917418127676,1.2228992216961023,0.0
2023-11-14,603.8040771484375,626.7329711914062,0.30412062347916785,413.2016551947557,1.1751363149725815,0.0
2023-11-15,615.882080078125,636.922119140625,0.2966954454561282,426.9101882188361,1.1666495859861281,0.0
2023-11-16,607.6968383789062,629.5300903320312,0.29154425904095804,424.1609546490668,1.0995369258166334,0.0
2023-11-17,614.2850341796875,659.2982788085938,0.2904636722167978,422.7828350307292,1.0368304426170676,0.0
2023-11-20,615.0835571289062,663.8934326171875,0.2898370923213859,422.6626150078767,0.9785129004922039,0.0
2023-11-21,612.188720703125,661.296142578125,0.29204764096048186,419.0587422869171,0.9087437968100613,0.0
2023-11-22,605.6007690429688,656.701171875,0.29564626986745235,411.44951716054027,0.8283927593801673,0.0
2023-11-23,610.5916748046875,665.49169921875,0.29767861290540837,412.48902888118675,0.7767405981506204,0.0
2023-11-24,608.3955688476562,666.6905517578125,0.3021895238455698,406.9286684596227,0.706141373699991,0.0
2023-11-27,606.2994384765625,666.6905517578125,0.3050591199465381,402.9194054806523,0.6417862890358991,0.0
2023-11-28,606.0997314453125,661.4960327148438,0.3065850095259406,403.2949639540602,0.592309147084649,0.0
2023-11-29,593.7222290039062,639.7191772460938,0.31042231048732466,395.13912394012345,0.5137224787211779,0.0
2023-11-30,601.009033203125,652.5055541992188,0.3136736456544336,396.33523720768943,0.4672123662142904,0.0
2023-12-01,603.00537109375,651.9061889648438,0.3167925336269812,396.4863578044676,0.4178551489103198,0.0
2023-12-04,603.00537109375,652.5055541992188,0.3221195794207852,392.82055640537135,0.34841224112314256,0.0
2023-12-05,602.3067626953125,645.1134643554688,0.32909232414428186,390.00487337380196,0.27296378970699187,0.0
2023-12-06,613.5863037109375,662.6947021484375,0.3322280584959629,393.42052944060174,0.26699970149509067,0.0
2023-12-07,611.2904052734375,649.3089599609375,0.33464791450933473,394.00051595028464,0.20053822414248018,0.0
2023-12-08,618.078125,659.2982788085938,0.3365403112092947,396.1976770700035,0.1657820424398228,0.0
2023-12-11,615.283203125,646.3121948242188,0.33868295759941486,396.38827744936435,0.06911005011524178,0.0
2023-12-12,617.6788940429688,638.7202758789062,0.33825245793199843,401.6301907959246,0.15086371642637267,0.0
2023-12-13,616.0817260742188,636.922119140625,0.33859991437570186,400.4199510692125,-0.034127250275635186,0.0
2023-12-14,615.183349609375,654.3037109375,0.34139638158542995,391.8064302373934,-0.8010502571815826,0.0
2023-12-15,607.8966064453125,641.9168701171875,0.3413789793421402,388.75968050220587,-1.236024289394415,0.0
2023-12-18,611.6895751953125,645.1134643554688,0.34267086482025017,390.6279864574364,-1.1556247384064344,0.0
2023-12-19,611.9890747070312,657.300537109375,0.3462821911809778,384.37760445236324,-1.6116335086251719,0.0
2023-12-20,618.2777099609375,661.096435546875,0.34815736908699796,388.1121142481454,-1.2121237027137195,0.0
2023-12-21,621.3721923828125,654.3037109375,0.34814894311273253,393.57704694518304,-0.7257673545786241,0.0
2023-12-22,626.6625366210938,651.3068237304688,0.3475833496293893,400.2791291923792,-0.1676117415116463,0.0
2023-12-27,630.3557739257812,658.2994995117188,0.35037217813784477,399.7059444148073,-0.18054795275705215,0.0
2023-12-28,630.4556274414062,654.5034790039062,0.34882801605109376,402.1464773619349,0.05525189533395252,0.0
2023-12-29,634.3484497070312,665.8914184570312,0.3508509392715313,400.71982008852956,0.008975443668437395,0.0
